campaign_id,date,impressions,clicks,cost,conversions,ctr,cpc,cpa,channel_type,day_of_week,month_name,week_number,quarter,performance_tier
Display_Programmatic,2025-10-25,17212,119,91.53,1,0.006913781082965373,0.7692,91.53,Display,Saturday,October,43,Q4,Low
Email_Newsletter,2025-10-25,4909,161,117.52,13,0.03279690364636382,0.7299,9.04,Email,Saturday,October,43,Q4,High
Search_Google,2025-10-25,10712,215,616.29,19,0.02007094846900672,2.8665,32.4363,Search,Saturday,October,43,Q4,Medium
Social_FB,2025-10-25,19615,407,284.57,13,0.02074942645934234,0.6992,21.89,Social,Saturday,October,43,Q4,Medium
Social_IG,2025-10-25,17437,286,174.56,10,0.01640190399724723,0.6103,17.456,Social,Saturday,October,43,Q4,Medium
Display_Programmatic,2025-10-26,35287,370,227.86,3,0.010485447898659564,0.6158,75.9533,Display,Sunday,October,43,Q4,Medium
Email_Newsletter,2025-10-26,5025,175,101.25,11,0.03482587064676617,0.5786,9.2045,Email,Sunday,October,43,Q4,High
Search_Google,2025-10-26,10832,259,575.81,19,0.023910635155096012,2.2232,30.3058,Search,Sunday,October,43,Q4,Medium
Social_FB,2025-10-26,9258,191,220.4,4,0.020630805789587384,1.1539,55.1,Social,Sunday,October,43,Q4,Medium
Social_IG,2025-10-26,19389,159,161.58,6,0.00820052607148383,1.0162,26.93,Social,Sunday,October,43,Q4,Low
Display_Programmatic,2025-10-27,17295,98,35.22,1,0.005666377565770454,0.3594,35.22,Display,Monday,October,44,Q4,Low
Email_Newsletter,2025-10-27,6976,188,151.93,9,0.02694954128440367,0.8081,16.8811,Email,Monday,October,44,Q4,Medium
Search_Google,2025-10-27,4842,257,501.78,14,0.053077240809582815,1.9525,35.8414,Search,Monday,October,44,Q4,High
Social_FB,2025-10-27,11972,313,449.33,12,0.02614433678583361,1.4356,37.4442,Social,Monday,October,44,Q4,Medium
Social_IG,2025-10-27,17098,261,344.84,11,0.015264943268218504,1.3212,31.3491,Social,Monday,October,44,Q4,Medium
Display_Programmatic,2025-10-28,21249,154,142.29,1,0.007247399877641301,0.924,142.29,Display,Tuesday,October,44,Q4,Low
Email_Newsletter,2025-10-28,2931,138,80.91,11,0.04708290685772774,0.5863,7.3555,Email,Tuesday,October,44,Q4,High
Search_Google,2025-10-28,6790,317,842.76,23,0.046686303387334316,2.6585,36.6417,Search,Tuesday,October,44,Q4,High
Social_FB,2025-10-28,22444,544,853.28,20,0.024238103724826234,1.5685,42.664,Social,Tuesday,October,44,Q4,Medium
Social_IG,2025-10-28,9860,198,154.64,6,0.020081135902636917,0.781,25.7733,Social,Tuesday,October,44,Q4,Medium
Display_Programmatic,2025-10-29,23761,111,88.03,2,0.004671520558899037,0.7931,44.015,Display,Wednesday,October,44,Q4,Low
Email_Newsletter,2025-10-29,7415,231,91.43,12,0.031153068105192177,0.3958,7.6192,Email,Wednesday,October,44,Q4,High
Search_Google,2025-10-29,7016,387,720.59,27,0.05515963511972634,1.862,26.6885,Search,Wednesday,October,44,Q4,High
Social_FB,2025-10-29,16269,328,247.51,13,0.0201610424734157,0.7546,19.0392,Social,Wednesday,October,44,Q4,Medium
Social_IG,2025-10-29,7952,148,88.67,3,0.018611670020120725,0.5991,29.5567,Social,Wednesday,October,44,Q4,Medium
Display_Programmatic,2025-10-30,21190,199,212.01,2,0.009391222274657857,1.0654,106.005,Display,Thursday,October,44,Q4,Low
Email_Newsletter,2025-10-30,5911,222,102.05,11,0.037557096937912364,0.4597,9.2773,Email,Thursday,October,44,Q4,High
Search_Google,2025-10-30,6992,253,455.11,10,0.03618421052631579,1.7989,45.511,Search,Thursday,October,44,Q4,High
Social_FB,2025-10-30,16553,168,164.65,6,0.010149217664471697,0.9801,27.4417,Social,Thursday,October,44,Q4,Medium
Social_IG,2025-10-30,18409,234,194.49,9,0.01271117388234016,0.8312,21.61,Social,Thursday,October,44,Q4,Medium
Display_Programmatic,2025-10-31,27242,92,73.62,1,0.003377138242419793,0.8002,73.62,Display,Friday,October,44,Q4,Low
Email_Newsletter,2025-10-31,3955,191,63.93,14,0.04829329962073325,0.3347,4.5664,Email,Friday,October,44,Q4,High
Search_Google,2025-10-31,5669,299,478.93,24,0.052742988181337096,1.6018,19.9554,Search,Friday,October,44,Q4,High
Social_FB,2025-10-31,13042,260,174.45,10,0.019935592700506058,0.671,17.445,Social,Friday,October,44,Q4,Medium
Social_IG,2025-10-31,17360,316,352.24,8,0.018202764976958524,1.1147,44.03,Social,Friday,October,44,Q4,Medium
Display_Programmatic,2025-11-01,29342,326,193.52,5,0.011110353759116625,0.5936,38.704,Display,Saturday,November,44,Q4,Medium
Email_Newsletter,2025-11-01,4236,218,169.35,24,0.05146364494806421,0.7768,7.0562,Email,Saturday,November,44,Q4,High
Search_Google,2025-11-01,11863,501,864.9,32,0.042232150383545476,1.7263,27.0281,Search,Saturday,November,44,Q4,High
Social_FB,2025-11-01,13150,254,337.08,11,0.01931558935361217,1.3271,30.6436,Social,Saturday,November,44,Q4,Medium
Social_IG,2025-11-01,18940,397,314.25,15,0.020960929250263993,0.7916,20.95,Social,Saturday,November,44,Q4,Medium
Display_Programmatic,2025-11-02,23599,224,170.62,2,0.009491927624051866,0.7617,85.31,Display,Sunday,November,44,Q4,Low
Email_Newsletter,2025-11-02,6552,192,167.56,12,0.029304029304029304,0.8727,13.9633,Email,Sunday,November,44,Q4,Medium
Search_Google,2025-11-02,11919,247,405.06,15,0.020723215034818356,1.6399,27.004,Search,Sunday,November,44,Q4,Medium
Social_FB,2025-11-02,22802,381,583.13,18,0.016709060608718535,1.5305,32.3961,Social,Sunday,November,44,Q4,Medium
Social_IG,2025-11-02,11104,174,185.14,6,0.015670028818443805,1.064,30.8567,Social,Sunday,November,44,Q4,Medium
Display_Programmatic,2025-11-03,28348,318,122.95,4,0.011217722590658953,0.3866,30.7375,Display,Monday,November,45,Q4,Medium
Email_Newsletter,2025-11-03,2695,145,113.63,17,0.05380333951762523,0.7837,6.6841,Email,Monday,November,45,Q4,High
Search_Google,2025-11-03,8799,446,1689.31,17,0.05068757813387885,3.7877,99.3712,Search,Monday,November,45,Q4,High
Social_FB,2025-11-03,18939,498,485.8,16,0.026294946934896247,0.9755,30.3625,Social,Monday,November,45,Q4,Medium
Social_IG,2025-11-03,13496,201,227.46,4,0.014893301719027861,1.1316,56.865,Social,Monday,November,45,Q4,Medium
Display_Programmatic,2025-11-04,18714,106,107.6,2,0.005664208613871968,1.0151,53.8,Display,Tuesday,November,45,Q4,Low
Email_Newsletter,2025-11-04,2946,67,42.29,3,0.022742701968771217,0.6312,14.0967,Email,Tuesday,November,45,Q4,Medium
Search_Google,2025-11-04,5757,189,304.62,15,0.03282959874934862,1.6117,20.308,Search,Tuesday,November,45,Q4,High
Social_FB,2025-11-04,10539,180,259.03,8,0.017079419299743808,1.4391,32.3787,Social,Tuesday,November,45,Q4,Medium
Social_IG,2025-11-04,19403,322,217.11,13,0.01659537184971396,0.6743,16.7008,Social,Tuesday,November,45,Q4,Medium
Display_Programmatic,2025-11-05,19694,66,48.64,1,0.0033512744998476693,0.737,48.64,Display,Wednesday,November,45,Q4,Low
Email_Newsletter,2025-11-05,8007,376,232.15,23,0.0469589109529162,0.6174,10.0935,Email,Wednesday,November,45,Q4,High
Search_Google,2025-11-05,7433,310,792.72,16,0.0417059060944437,2.5572,49.545,Search,Wednesday,November,45,Q4,High
Social_FB,2025-11-05,18914,428,625.41,19,0.022628740615417153,1.4612,32.9163,Social,Wednesday,November,45,Q4,Medium
Social_IG,2025-11-05,18342,295,323.89,8,0.01608330607349253,1.0979,40.4862,Social,Wednesday,November,45,Q4,Medium
Display_Programmatic,2025-11-06,27684,126,68.59,1,0.004551365409622887,0.5444,68.59,Display,Thursday,November,45,Q4,Low
Email_Newsletter,2025-11-06,2818,74,49.57,9,0.0262597586941093,0.6699,5.5078,Email,Thursday,November,45,Q4,Medium
Search_Google,2025-11-06,12375,339,810.41,13,0.027393939393939394,2.3906,62.3392,Search,Thursday,November,45,Q4,Medium
Social_FB,2025-11-06,12108,274,215.92,6,0.022629666336306573,0.788,35.9867,Social,Thursday,November,45,Q4,Medium
Social_IG,2025-11-06,18811,236,183.36,9,0.012545850831960024,0.7769,20.3733,Social,Thursday,November,45,Q4,Medium
Display_Programmatic,2025-11-07,12798,131,94.02,1,0.010235974370995469,0.7177,94.02,Display,Friday,November,45,Q4,Medium
Email_Newsletter,2025-11-07,7407,308,84.88,29,0.04158228702578642,0.2756,2.9269,Email,Friday,November,45,Q4,High
Search_Google,2025-11-07,5869,318,730.85,23,0.054182995399556996,2.2983,31.7761,Search,Friday,November,45,Q4,High
Social_FB,2025-11-07,16495,294,193.27,12,0.017823582903910277,0.6574,16.1058,Social,Friday,November,45,Q4,Medium
Social_IG,2025-11-07,9286,173,105.14,3,0.018630195993969416,0.6077,35.0467,Social,Friday,November,45,Q4,Medium
Display_Programmatic,2025-11-08,16205,144,76.96,1,0.008886146251157051,0.5344,76.96,Display,Saturday,November,45,Q4,Low
Email_Newsletter,2025-11-08,5427,112,73.11,6,0.020637552975861433,0.6528,12.185,Email,Saturday,November,45,Q4,Medium
Search_Google,2025-11-08,6401,161,549.54,13,0.02515231995000781,3.4133,42.2723,Search,Saturday,November,45,Q4,Medium
Social_FB,2025-11-08,16825,368,253.27,9,0.02187221396731055,0.6882,28.1411,Social,Saturday,November,45,Q4,Medium
Social_IG,2025-11-08,18283,368,467.24,12,0.02012798774818137,1.2697,38.9367,Social,Saturday,November,45,Q4,Medium
Display_Programmatic,2025-11-09,29502,283,154.71,2,0.00959256999525456,0.5467,77.355,Display,Sunday,November,45,Q4,Low
Email_Newsletter,2025-11-09,6975,198,139.77,19,0.02838709677419355,0.7059,7.3563,Email,Sunday,November,45,Q4,Medium
Search_Google,2025-11-09,12268,384,1271.97,17,0.0313009455493968,3.3124,74.8218,Search,Sunday,November,45,Q4,High
Social_FB,2025-11-09,26592,592,511.78,17,0.022262334536702767,0.8645,30.1047,Social,Sunday,November,45,Q4,Medium
Social_IG,2025-11-09,8230,146,196.81,5,0.017739975698663427,1.348,39.362,Social,Sunday,November,45,Q4,Medium
Display_Programmatic,2025-11-10,34156,288,157.3,4,0.008431900690947418,0.5462,39.325,Display,Monday,November,46,Q4,Low
Email_Newsletter,2025-11-10,3513,167,89.56,9,0.0475377170509536,0.5363,9.9511,Email,Monday,November,46,Q4,High
Search_Google,2025-11-10,6976,405,1148.18,27,0.05805619266055046,2.835,42.5252,Search,Monday,November,46,Q4,High
Social_FB,2025-11-10,17041,424,626.73,12,0.02488116894548442,1.4781,52.2275,Social,Monday,November,46,Q4,Medium
Social_IG,2025-11-10,7085,152,138.97,6,0.02145377558221595,0.9143,23.1617,Social,Monday,November,46,Q4,Medium
Display_Programmatic,2025-11-11,23914,182,151.56,2,0.007610604666722422,0.8327,75.78,Display,Tuesday,November,46,Q4,Low
Email_Newsletter,2025-11-11,3088,150,139.38,17,0.048575129533678756,0.9292,8.1988,Email,Tuesday,November,46,Q4,High
Search_Google,2025-11-11,7826,376,1299.74,15,0.04804497827753642,3.4568,86.6493,Search,Tuesday,November,46,Q4,High
Social_FB,2025-11-11,10971,197,177.51,9,0.017956430589736578,0.9011,19.7233,Social,Tuesday,November,46,Q4,Medium
Social_IG,2025-11-11,10973,193,262.21,7,0.01758862662899845,1.3586,37.4586,Social,Tuesday,November,46,Q4,Medium
Display_Programmatic,2025-11-12,11071,71,68.51,1,0.0064131514768313615,0.9649,68.51,Display,Wednesday,November,46,Q4,Low
Email_Newsletter,2025-11-12,2331,112,67.0,13,0.04804804804804805,0.5982,5.1538,Email,Wednesday,November,46,Q4,High
Search_Google,2025-11-12,11640,288,920.07,20,0.024742268041237112,3.1947,46.0035,Search,Wednesday,November,46,Q4,Medium
Social_FB,2025-11-12,13801,232,192.87,9,0.01681037605970582,0.8313,21.43,Social,Wednesday,November,46,Q4,Medium
Social_IG,2025-11-12,16569,191,205.97,5,0.011527551451505825,1.0784,41.194,Social,Wednesday,November,46,Q4,Medium
Display_Programmatic,2025-11-13,30590,200,114.99,1,0.006538084341288003,0.575,114.99,Display,Thursday,November,46,Q4,Low
Email_Newsletter,2025-11-13,6114,205,85.3,13,0.033529604187111546,0.4161,6.5615,Email,Thursday,November,46,Q4,High
Search_Google,2025-11-13,7161,401,830.3,15,0.05599776567518503,2.0706,55.3533,Search,Thursday,November,46,Q4,High
Social_FB,2025-11-13,18294,207,327.6,7,0.011315185306657921,1.5826,46.8,Social,Thursday,November,46,Q4,Medium
Social_IG,2025-11-13,7550,83,119.91,2,0.010993377483443709,1.4447,59.955,Social,Thursday,November,46,Q4,Medium
Display_Programmatic,2025-11-14,15576,50,51.64,1,0.0032100667693888032,1.0328,51.64,Display,Friday,November,46,Q4,Low
Email_Newsletter,2025-11-14,8023,266,141.76,27,0.033154680294154304,0.5329,5.2504,Email,Friday,November,46,Q4,High
Search_Google,2025-11-14,5765,327,1152.23,13,0.056721595836947095,3.5236,88.6331,Search,Friday,November,46,Q4,High
Social_FB,2025-11-14,14838,223,260.35,7,0.015028979646852675,1.1675,37.1929,Social,Friday,November,46,Q4,Medium
Social_IG,2025-11-14,16508,343,483.66,13,0.020777804700751152,1.4101,37.2046,Social,Friday,November,46,Q4,Medium
Display_Programmatic,2025-11-15,29797,144,76.96,1,0.004832701278652213,0.5344,76.96,Display,Saturday,November,46,Q4,Low
Email_Newsletter,2025-11-15,5891,256,117.05,23,0.043456119504328636,0.4572,5.0891,Email,Saturday,November,46,Q4,High
Search_Google,2025-11-15,9776,496,1635.28,43,0.05073649754500818,3.2969,38.0298,Search,Saturday,November,46,Q4,High
Social_FB,2025-11-15,19044,212,145.01,4,0.011132115101869355,0.684,36.2525,Social,Saturday,November,46,Q4,Medium
Social_IG,2025-11-15,16563,293,371.22,9,0.017690031999033993,1.267,41.2467,Social,Saturday,November,46,Q4,Medium
Display_Programmatic,2025-11-16,23637,279,233.92,4,0.011803528366543978,0.8384,58.48,Display,Sunday,November,46,Q4,Medium
Email_Newsletter,2025-11-16,4700,243,148.68,17,0.051702127659574465,0.6119,8.7459,Email,Sunday,November,46,Q4,High
Search_Google,2025-11-16,5427,243,405.04,18,0.04477611940298507,1.6668,22.5022,Search,Sunday,November,46,Q4,High
Social_FB,2025-11-16,18264,456,694.44,13,0.024967148488830485,1.5229,53.4185,Social,Sunday,November,46,Q4,Medium
Social_IG,2025-11-16,17200,349,216.49,9,0.020290697674418604,0.6203,24.0544,Social,Sunday,November,46,Q4,Medium
Display_Programmatic,2025-11-17,31674,248,193.62,3,0.007829765738460568,0.7807,64.54,Display,Monday,November,47,Q4,Low
Email_Newsletter,2025-11-17,8920,378,191.01,22,0.04237668161434978,0.5053,8.6823,Email,Monday,November,47,Q4,High
Search_Google,2025-11-17,13009,517,1421.81,27,0.03974171727265739,2.7501,52.6596,Search,Monday,November,47,Q4,High
Social_FB,2025-11-17,14260,302,445.52,14,0.021178120617110798,1.4752,31.8229,Social,Monday,November,47,Q4,Medium
Social_IG,2025-11-17,13936,276,156.78,10,0.019804822043628014,0.568,15.678,Social,Monday,November,47,Q4,Medium
Display_Programmatic,2025-11-18,37000,377,164.53,6,0.01018918918918919,0.4364,27.4217,Display,Tuesday,November,47,Q4,Medium
Email_Newsletter,2025-11-18,5633,187,143.56,8,0.03319723060536126,0.7677,17.945,Email,Tuesday,November,47,Q4,High
Search_Google,2025-11-18,7220,403,811.43,17,0.055817174515235456,2.0135,47.7312,Search,Tuesday,November,47,Q4,High
Social_FB,2025-11-18,20072,418,583.47,11,0.020825029892387405,1.3959,53.0427,Social,Tuesday,November,47,Q4,Medium
Social_IG,2025-11-18,12336,129,84.1,2,0.010457198443579766,0.6519,42.05,Social,Tuesday,November,47,Q4,Medium
Display_Programmatic,2025-11-19,29061,204,105.28,3,0.007019717146691442,0.5161,35.0933,Display,Wednesday,November,47,Q4,Low
Email_Newsletter,2025-11-19,6484,171,128.48,15,0.026372609500308453,0.7513,8.5653,Email,Wednesday,November,47,Q4,Medium
Search_Google,2025-11-19,8816,419,1233.1,34,0.047527223230490016,2.943,36.2676,Search,Wednesday,November,47,Q4,High
Social_FB,2025-11-19,21229,283,275.38,7,0.013330821046681426,0.9731,39.34,Social,Wednesday,November,47,Q4,Medium
Social_IG,2025-11-19,18099,337,367.98,10,0.018619813249350792,1.0919,36.798,Social,Wednesday,November,47,Q4,Medium
Display_Programmatic,2025-11-20,11663,61,39.02,1,0.0052302152104947265,0.6397,39.02,Display,Thursday,November,47,Q4,Low
Email_Newsletter,2025-11-20,3356,79,30.89,4,0.023539928486293205,0.391,7.7225,Email,Thursday,November,47,Q4,Medium
Search_Google,2025-11-20,9654,242,532.8,12,0.025067329604309095,2.2017,44.4,Search,Thursday,November,47,Q4,Medium
Social_FB,2025-11-20,10676,221,308.47,9,0.020700636942675158,1.3958,34.2744,Social,Thursday,November,47,Q4,Medium
Social_IG,2025-11-20,14705,238,248.11,8,0.016184971098265895,1.0425,31.0138,Social,Thursday,November,47,Q4,Medium
Display_Programmatic,2025-11-21,16648,158,118.02,2,0.009490629505045652,0.747,59.01,Display,Friday,November,47,Q4,Low
Email_Newsletter,2025-11-21,7834,208,110.19,14,0.02655093183558846,0.5298,7.8707,Email,Friday,November,47,Q4,Medium
Search_Google,2025-11-21,12035,243,624.78,22,0.020191109264644787,2.5711,28.3991,Search,Friday,November,47,Q4,Medium
Social_FB,2025-11-21,18571,244,167.42,11,0.013138764740724786,0.6861,15.22,Social,Friday,November,47,Q4,Medium
Social_IG,2025-11-21,7644,136,181.37,6,0.017791732077446363,1.3336,30.2283,Social,Friday,November,47,Q4,Medium
Display_Programmatic,2025-11-22,12167,111,88.5,2,0.009123037724993836,0.7973,44.25,Display,Saturday,November,47,Q4,Low
Email_Newsletter,2025-11-22,4138,198,165.65,10,0.047849202513291444,0.8366,16.565,Email,Saturday,November,47,Q4,High
Search_Google,2025-11-22,9610,403,1132.66,19,0.041935483870967745,2.8106,59.6137,Search,Saturday,November,47,Q4,High
Social_FB,2025-11-22,13892,331,391.68,7,0.023826662827526632,1.1833,55.9543,Social,Saturday,November,47,Q4,Medium
Social_IG,2025-11-22,12756,197,156.51,3,0.015443712762621511,0.7945,52.17,Social,Saturday,November,47,Q4,Medium
Display_Programmatic,2025-11-23,28837,259,170.23,3,0.008981516801331623,0.6573,56.7433,Display,Sunday,November,47,Q4,Low
Email_Newsletter,2025-11-23,4273,188,142.94,15,0.043997191668616896,0.7603,9.5293,Email,Sunday,November,47,Q4,High
Search_Google,2025-11-23,12504,625,2002.94,49,0.049984005118362124,3.2047,40.8763,Search,Sunday,November,47,Q4,High
Social_FB,2025-11-23,17663,216,318.05,9,0.012228953178961671,1.4725,35.3389,Social,Sunday,November,47,Q4,Medium
Social_IG,2025-11-23,15452,324,200.49,11,0.020968159461558375,0.6188,18.2264,Social,Sunday,November,47,Q4,Medium
Display_Programmatic,2025-11-24,37857,366,419.2,5,0.009667961011173627,1.1454,83.84,Display,Monday,November,48,Q4,Low
Email_Newsletter,2025-11-24,5459,157,43.33,16,0.02875984612566404,0.276,2.7081,Email,Monday,November,48,Q4,Medium
Search_Google,2025-11-24,5590,187,624.5,8,0.033452593917710195,3.3396,78.0625,Search,Monday,November,48,Q4,High
Social_FB,2025-11-24,13403,255,377.64,6,0.019025591285533088,1.4809,62.94,Social,Monday,November,48,Q4,Medium
Social_IG,2025-11-24,8821,79,79.48,2,0.008955900691531573,1.0061,39.74,Social,Monday,November,48,Q4,Low
Display_Programmatic,2025-11-25,13646,72,37.33,1,0.005276271434852704,0.5185,37.33,Display,Tuesday,November,48,Q4,Low
Email_Newsletter,2025-11-25,5437,152,67.93,12,0.027956593709766414,0.4469,5.6608,Email,Tuesday,November,48,Q4,Medium
Search_Google,2025-11-25,7329,358,1061.37,27,0.04884704598171647,2.9647,39.31,Search,Tuesday,November,48,Q4,High
Social_FB,2025-11-25,14520,374,503.16,11,0.025757575757575757,1.3453,45.7418,Social,Tuesday,November,48,Q4,Medium
Social_IG,2025-11-25,14263,205,202.47,6,0.014372852836009255,0.9877,33.745,Social,Tuesday,November,48,Q4,Medium
Display_Programmatic,2025-11-26,12800,51,47.38,1,0.003984375,0.929,47.38,Display,Wednesday,November,48,Q4,Low
Email_Newsletter,2025-11-26,4985,158,64.19,11,0.0316950852557673,0.4063,5.8355,Email,Wednesday,November,48,Q4,High
Search_Google,2025-11-26,8918,206,743.78,8,0.023099349629961876,3.6106,92.9725,Search,Wednesday,November,48,Q4,Medium
Social_FB,2025-11-26,9120,189,300.97,4,0.020723684210526314,1.5924,75.2425,Social,Wednesday,November,48,Q4,Medium
Social_IG,2025-11-26,10094,181,192.17,3,0.017931444422429166,1.0617,64.0567,Social,Wednesday,November,48,Q4,Medium
Display_Programmatic,2025-11-27,15610,175,130.87,2,0.011210762331838564,0.7478,65.435,Display,Thursday,November,48,Q4,Medium
Email_Newsletter,2025-11-27,5585,291,187.1,21,0.05210384959713518,0.643,8.9095,Email,Thursday,November,48,Q4,High
Search_Google,2025-11-27,11562,392,897.49,30,0.03390416882892233,2.2895,29.9163,Search,Thursday,November,48,Q4,High
Social_FB,2025-11-27,19034,209,272.88,6,0.010980350950929915,1.3056,45.48,Social,Thursday,November,48,Q4,Medium
Social_IG,2025-11-27,18602,179,245.57,5,0.009622621223524351,1.3719,49.114,Social,Thursday,November,48,Q4,Low
Display_Programmatic,2025-11-28,16282,115,77.49,2,0.007063014371698808,0.6738,38.745,Display,Friday,November,48,Q4,Low
Email_Newsletter,2025-11-28,7723,361,158.81,19,0.04674349346109025,0.4399,8.3584,Email,Friday,November,48,Q4,High
Search_Google,2025-11-28,8400,295,783.74,24,0.03511904761904762,2.6567,32.6558,Search,Friday,November,48,Q4,High
Social_FB,2025-11-28,17609,235,211.61,6,0.013345448350275428,0.9005,35.2683,Social,Friday,November,48,Q4,Medium
Social_IG,2025-11-28,8827,97,67.36,4,0.01098901098901099,0.6944,16.84,Social,Friday,November,48,Q4,Medium
Display_Programmatic,2025-11-29,28041,228,181.67,4,0.008130951107307157,0.7968,45.4175,Display,Saturday,November,48,Q4,Low
Email_Newsletter,2025-11-29,4107,224,186.38,20,0.05454102751400049,0.8321,9.319,Email,Saturday,November,48,Q4,High
Search_Google,2025-11-29,9249,270,319.46,19,0.029192345118391177,1.1832,16.8137,Search,Saturday,November,48,Q4,Medium
Social_FB,2025-11-29,22120,370,456.28,10,0.016726943942133816,1.2332,45.628,Social,Saturday,November,48,Q4,Medium
Social_IG,2025-11-29,18952,411,524.28,15,0.021686365555086535,1.2756,34.952,Social,Saturday,November,48,Q4,Medium
Display_Programmatic,2025-11-30,28032,294,269.27,3,0.010488013698630137,0.9159,89.7567,Display,Sunday,November,48,Q4,Medium
Email_Newsletter,2025-11-30,6541,198,140.54,23,0.03027060082556184,0.7098,6.1104,Email,Sunday,November,48,Q4,High
Search_Google,2025-11-30,9679,326,726.25,16,0.03368116540964976,2.2278,45.3906,Search,Sunday,November,48,Q4,High
Social_FB,2025-11-30,19858,203,153.17,4,0.010222580320273945,0.7545,38.2925,Social,Sunday,November,48,Q4,Medium
Social_IG,2025-11-30,8912,181,221.69,6,0.020309694793536805,1.2248,36.9483,Social,Sunday,November,48,Q4,Medium
Display_Programmatic,2025-12-01,21017,194,189.36,3,0.009230622829138316,0.9761,63.12,Display,Monday,December,49,Q4,Low
Email_Newsletter,2025-12-01,4126,166,104.1,11,0.04023267086766844,0.6271,9.4636,Email,Monday,December,49,Q4,High
Search_Google,2025-12-01,10672,273,1035.42,22,0.02558095952023988,3.7927,47.0645,Search,Monday,December,49,Q4,Medium
Social_FB,2025-12-01,22047,414,575.94,19,0.018778065042862974,1.3912,30.3126,Social,Monday,December,49,Q4,Medium
Social_IG,2025-12-01,9159,139,157.49,5,0.015176329293591003,1.133,31.498,Social,Monday,December,49,Q4,Medium
Display_Programmatic,2025-12-02,16601,160,124.12,1,0.009637973616047226,0.7758,124.12,Display,Tuesday,December,49,Q4,Low
Email_Newsletter,2025-12-02,2450,121,106.16,9,0.04938775510204082,0.8774,11.7956,Email,Tuesday,December,49,Q4,High
Search_Google,2025-12-02,6911,250,564.61,19,0.03617421501953408,2.2584,29.7163,Search,Tuesday,December,49,Q4,High
Social_FB,2025-12-02,15768,197,177.5,5,0.012493658041603246,0.901,35.5,Social,Tuesday,December,49,Q4,Medium
Social_IG,2025-12-02,14621,240,179.04,8,0.016414745913412215,0.746,22.38,Social,Tuesday,December,49,Q4,Medium
Display_Programmatic,2025-12-03,11864,109,61.38,1,0.00918745785569791,0.5631,61.38,Display,Wednesday,December,49,Q4,Low
Email_Newsletter,2025-12-03,3691,74,17.73,9,0.020048767271742075,0.2396,1.97,Email,Wednesday,December,49,Q4,Medium
Search_Google,2025-12-03,4577,178,373.25,10,0.03889010268734979,2.0969,37.325,Search,Wednesday,December,49,Q4,High
Social_FB,2025-12-03,11521,309,235.37,13,0.026820588490582414,0.7617,18.1054,Social,Wednesday,December,49,Q4,Medium
Social_IG,2025-12-03,8620,171,221.99,6,0.019837587006960557,1.2982,36.9983,Social,Wednesday,December,49,Q4,Medium
Display_Programmatic,2025-12-04,24197,224,178.84,2,0.009257345951977518,0.7984,89.42,Display,Thursday,December,49,Q4,Low
Email_Newsletter,2025-12-04,7724,405,267.64,24,0.05243397203521492,0.6608,11.1517,Email,Thursday,December,49,Q4,High
Search_Google,2025-12-04,10221,487,903.6,40,0.047647001271891205,1.8554,22.59,Search,Thursday,December,49,Q4,High
Social_FB,2025-12-04,16146,201,201.37,10,0.01244890375325158,1.0018,20.137,Social,Thursday,December,49,Q4,Medium
Social_IG,2025-12-04,8438,181,206.53,6,0.021450580706328513,1.141,34.4217,Social,Thursday,December,49,Q4,Medium
Display_Programmatic,2025-12-05,13531,55,47.06,0,0.0040647402261473654,0.8556,0.0,Display,Friday,December,49,Q4,Low
Email_Newsletter,2025-12-05,6253,214,167.11,19,0.03422357268511115,0.7809,8.7953,Email,Friday,December,49,Q4,High
Search_Google,2025-12-05,8300,339,964.87,24,0.040843373493975904,2.8462,40.2029,Search,Friday,December,49,Q4,High
Social_FB,2025-12-05,19416,236,177.19,10,0.012154923774206839,0.7508,17.719,Social,Friday,December,49,Q4,Medium
Social_IG,2025-12-05,14778,314,425.61,9,0.021247800784950602,1.3554,47.29,Social,Friday,December,49,Q4,Medium
Display_Programmatic,2025-12-06,21028,154,84.41,2,0.007323568575233023,0.5481,42.205,Display,Saturday,December,49,Q4,Low
Email_Newsletter,2025-12-06,3519,112,75.66,9,0.031827223643080424,0.6755,8.4067,Email,Saturday,December,49,Q4,High
Search_Google,2025-12-06,8551,195,245.92,7,0.022804350368377968,1.2611,35.1314,Search,Saturday,December,49,Q4,Medium
Social_FB,2025-12-06,25231,655,509.39,25,0.025960128413459634,0.7777,20.3756,Social,Saturday,December,49,Q4,Medium
Social_IG,2025-12-06,10538,230,160.74,3,0.021825773391535394,0.6989,53.58,Social,Saturday,December,49,Q4,Medium
Display_Programmatic,2025-12-07,21299,177,182.94,3,0.008310249307479225,1.0336,60.98,Display,Sunday,December,49,Q4,Low
Email_Newsletter,2025-12-07,7742,321,276.94,18,0.04146215448204598,0.8627,15.3856,Email,Sunday,December,49,Q4,High
Search_Google,2025-12-07,12656,597,2295.99,28,0.04717130214917826,3.8459,81.9996,Search,Sunday,December,49,Q4,High
Social_FB,2025-12-07,20857,342,295.82,9,0.01639737258474373,0.865,32.8689,Social,Sunday,December,49,Q4,Medium
Social_IG,2025-12-07,14950,178,99.11,7,0.011906354515050167,0.5568,14.1586,Social,Sunday,December,49,Q4,Medium
Display_Programmatic,2025-12-08,21465,141,117.19,2,0.0065688329839273234,0.8311,58.595,Display,Monday,December,50,Q4,Low
Email_Newsletter,2025-12-08,6559,238,163.85,22,0.03628601921024546,0.6884,7.4477,Email,Monday,December,50,Q4,High
Search_Google,2025-12-08,11374,326,905.31,21,0.028661860383330403,2.777,43.11,Search,Monday,December,50,Q4,Medium
Social_FB,2025-12-08,17552,438,279.85,10,0.024954421148587057,0.6389,27.985,Social,Monday,December,50,Q4,Medium
Social_IG,2025-12-08,7706,82,65.24,3,0.010641058915131067,0.7956,21.7467,Social,Monday,December,50,Q4,Medium
Display_Programmatic,2025-12-09,17147,128,68.08,1,0.007464862658190938,0.5319,68.08,Display,Tuesday,December,50,Q4,Low
Email_Newsletter,2025-12-09,6480,354,293.82,18,0.05462962962962963,0.83,16.3233,Email,Tuesday,December,50,Q4,High
Search_Google,2025-12-09,5407,169,212.08,8,0.03125577954503422,1.2549,26.51,Search,Tuesday,December,50,Q4,High
Social_FB,2025-12-09,13558,277,396.91,6,0.02043074199734474,1.4329,66.1517,Social,Tuesday,December,50,Q4,Medium
Social_IG,2025-12-09,16041,235,280.1,4,0.014649959478835484,1.1919,70.025,Social,Tuesday,December,50,Q4,Medium
Display_Programmatic,2025-12-10,14084,66,70.67,1,0.004686168702073275,1.0708,70.67,Display,Wednesday,December,50,Q4,Low
Email_Newsletter,2025-12-10,7446,364,177.36,20,0.04888530754767661,0.4873,8.868,Email,Wednesday,December,50,Q4,High
Search_Google,2025-12-10,11120,595,1806.43,44,0.05350719424460432,3.036,41.0552,Search,Wednesday,December,50,Q4,High
Social_FB,2025-12-10,19762,439,404.15,16,0.022214350774213135,0.9206,25.2594,Social,Wednesday,December,50,Q4,Medium
Social_IG,2025-12-10,13933,281,183.3,6,0.02016794660159334,0.6523,30.55,Social,Wednesday,December,50,Q4,Medium
Display_Programmatic,2025-12-11,27184,86,83.35,1,0.0031636256621542084,0.9692,83.35,Display,Thursday,December,50,Q4,Low
Email_Newsletter,2025-12-11,4961,261,231.69,14,0.05261036081435194,0.8877,16.5493,Email,Thursday,December,50,Q4,High
Search_Google,2025-12-11,11696,531,1621.39,34,0.04540013679890561,3.0535,47.6879,Search,Thursday,December,50,Q4,High
Social_FB,2025-12-11,13209,132,173.49,5,0.009993186463774699,1.3143,34.698,Social,Thursday,December,50,Q4,Low
Social_IG,2025-12-11,17456,210,297.84,7,0.012030247479376718,1.4183,42.5486,Social,Thursday,December,50,Q4,Medium
Display_Programmatic,2025-12-12,25279,262,87.66,2,0.01036433403220064,0.3346,43.83,Display,Friday,December,50,Q4,Medium
Email_Newsletter,2025-12-12,7018,385,199.7,30,0.054858934169279,0.5187,6.6567,Email,Friday,December,50,Q4,High
Search_Google,2025-12-12,9423,412,594.76,23,0.04372280590045633,1.4436,25.8591,Search,Friday,December,50,Q4,High
Social_FB,2025-12-12,22834,256,247.75,9,0.011211351493387055,0.9678,27.5278,Social,Friday,December,50,Q4,Medium
Social_IG,2025-12-12,12779,258,369.42,11,0.020189373190390485,1.4319,33.5836,Social,Friday,December,50,Q4,Medium
Display_Programmatic,2025-12-13,16673,111,55.79,2,0.006657470161338691,0.5026,27.895,Display,Saturday,December,50,Q4,Low
Email_Newsletter,2025-12-13,4119,208,128.18,21,0.05049769361495508,0.6163,6.1038,Email,Saturday,December,50,Q4,High
Search_Google,2025-12-13,5191,300,849.16,17,0.05779233288383741,2.8305,49.9506,Search,Saturday,December,50,Q4,High
Social_FB,2025-12-13,17101,425,640.08,12,0.0248523478159172,1.5061,53.34,Social,Saturday,December,50,Q4,Medium
Social_IG,2025-12-13,9606,165,213.5,4,0.017176764522173642,1.2939,53.375,Social,Saturday,December,50,Q4,Medium
Display_Programmatic,2025-12-14,23000,120,59.44,2,0.0052173913043478265,0.4953,29.72,Display,Sunday,December,50,Q4,Low
Email_Newsletter,2025-12-14,6850,215,123.17,19,0.031386861313868614,0.5729,6.4826,Email,Sunday,December,50,Q4,High
Search_Google,2025-12-14,6703,184,225.76,11,0.027450395345367747,1.227,20.5236,Search,Sunday,December,50,Q4,Medium
Social_FB,2025-12-14,13302,155,164.88,4,0.011652383100285671,1.0637,41.22,Social,Sunday,December,50,Q4,Medium
Social_IG,2025-12-14,12011,201,124.02,4,0.016734659895096163,0.617,31.005,Social,Sunday,December,50,Q4,Medium
Display_Programmatic,2025-12-15,17467,55,27.42,1,0.003148794870326902,0.4985,27.42,Display,Monday,December,51,Q4,Low
Email_Newsletter,2025-12-15,3372,69,38.17,5,0.020462633451957295,0.5532,7.634,Email,Monday,December,51,Q4,Medium
Search_Google,2025-12-15,5181,203,400.32,8,0.03918162516888631,1.972,50.04,Search,Monday,December,51,Q4,High
Social_FB,2025-12-15,12927,237,253.92,9,0.01833372012067765,1.0714,28.2133,Social,Monday,December,51,Q4,Medium
Social_IG,2025-12-15,15077,182,244.11,6,0.012071366982821517,1.3413,40.685,Social,Monday,December,51,Q4,Medium
Display_Programmatic,2025-12-16,37242,293,304.85,5,0.007867461468234789,1.0404,60.97,Display,Tuesday,December,51,Q4,Low
Email_Newsletter,2025-12-16,5645,268,155.79,24,0.047475642161204604,0.5813,6.4912,Email,Tuesday,December,51,Q4,High
Search_Google,2025-12-16,10152,253,710.47,21,0.02492119779353822,2.8082,33.8319,Search,Tuesday,December,51,Q4,Medium
Social_FB,2025-12-16,22483,370,560.39,10,0.016456878530445224,1.5146,56.039,Social,Tuesday,December,51,Q4,Medium
Social_IG,2025-12-16,16644,320,209.52,7,0.019226147560682527,0.6548,29.9314,Social,Tuesday,December,51,Q4,Medium
Display_Programmatic,2025-12-17,29434,319,116.51,4,0.010837806618196643,0.3652,29.1275,Display,Wednesday,December,51,Q4,Medium
Email_Newsletter,2025-12-17,4359,197,190.31,12,0.04519385180087176,0.966,15.8592,Email,Wednesday,December,51,Q4,High
Search_Google,2025-12-17,5884,323,1183.63,15,0.054894629503738954,3.6645,78.9087,Search,Wednesday,December,51,Q4,High
Social_FB,2025-12-17,8940,178,192.28,8,0.019910514541387026,1.0802,24.035,Social,Wednesday,December,51,Q4,Medium
Social_IG,2025-12-17,11559,119,141.4,3,0.01029500821870404,1.1882,47.1333,Social,Wednesday,December,51,Q4,Medium
Display_Programmatic,2025-12-18,16922,55,45.13,1,0.0032502068313438126,0.8205,45.13,Display,Thursday,December,51,Q4,Low
Email_Newsletter,2025-12-18,4994,174,117.88,11,0.034841810172206646,0.6775,10.7164,Email,Thursday,December,51,Q4,High
Search_Google,2025-12-18,7250,431,1513.81,16,0.05944827586206897,3.5123,94.6131,Search,Thursday,December,51,Q4,High
Social_FB,2025-12-18,19811,224,192.0,4,0.011306849729948009,0.8571,48.0,Social,Thursday,December,51,Q4,Medium
Social_IG,2025-12-18,12767,274,356.25,7,0.021461580637581263,1.3002,50.8929,Social,Thursday,December,51,Q4,Medium
Display_Programmatic,2025-12-19,13818,115,91.97,2,0.00832247792734115,0.7997,45.985,Display,Friday,December,51,Q4,Low
Email_Newsletter,2025-12-19,5788,195,83.79,23,0.033690393918451966,0.4297,3.643,Email,Friday,December,51,Q4,High
Search_Google,2025-12-19,4935,180,397.3,7,0.0364741641337386,2.2072,56.7571,Search,Friday,December,51,Q4,High
Social_FB,2025-12-19,24907,458,400.55,20,0.0183884048661019,0.8746,20.0275,Social,Friday,December,51,Q4,Medium
Social_IG,2025-12-19,17558,364,294.42,7,0.020731290579792686,0.8088,42.06,Social,Friday,December,51,Q4,Medium
Display_Programmatic,2025-12-20,33040,279,219.18,3,0.008444309927360776,0.7856,73.06,Display,Saturday,December,51,Q4,Low
Email_Newsletter,2025-12-20,4347,210,164.33,19,0.04830917874396135,0.7825,8.6489,Email,Saturday,December,51,Q4,High
Search_Google,2025-12-20,10877,486,758.65,36,0.044681437896478805,1.561,21.0736,Search,Saturday,December,51,Q4,High
Social_FB,2025-12-20,22589,322,475.99,8,0.014254725751471955,1.4782,59.4988,Social,Saturday,December,51,Q4,Medium
Social_IG,2025-12-20,18658,285,355.63,7,0.015274949083503055,1.2478,50.8043,Social,Saturday,December,51,Q4,Medium
Display_Programmatic,2025-12-21,16347,50,43.96,1,0.0030586651985073715,0.8792,43.96,Display,Sunday,December,51,Q4,Low
Email_Newsletter,2025-12-21,7380,213,101.68,18,0.02886178861788618,0.4774,5.6489,Email,Sunday,December,51,Q4,Medium
Search_Google,2025-12-21,12893,559,1250.83,41,0.0433568603117971,2.2376,30.508,Search,Sunday,December,51,Q4,High
Social_FB,2025-12-21,10294,153,185.27,3,0.014863027006022926,1.2109,61.7567,Social,Sunday,December,51,Q4,Medium
Social_IG,2025-12-21,16973,288,190.98,6,0.016968125846933364,0.6631,31.83,Social,Sunday,December,51,Q4,Medium
Display_Programmatic,2025-12-22,27645,315,259.91,5,0.011394465545306565,0.8251,51.982,Display,Monday,December,52,Q4,Medium
Email_Newsletter,2025-12-22,8090,396,243.18,38,0.048949320148331275,0.6141,6.3995,Email,Monday,December,52,Q4,High
Search_Google,2025-12-22,10125,301,1084.83,24,0.029728395061728394,3.6041,45.2012,Search,Monday,December,52,Q4,Medium
Social_FB,2025-12-22,17466,204,225.75,8,0.011679835108210237,1.1066,28.2188,Social,Monday,December,52,Q4,Medium
Social_IG,2025-12-22,18235,211,287.53,7,0.011571154373457637,1.3627,41.0757,Social,Monday,December,52,Q4,Medium
Display_Programmatic,2025-12-23,13210,77,47.41,1,0.005828917486752461,0.6157,47.41,Display,Tuesday,December,52,Q4,Low
Email_Newsletter,2025-12-23,3001,61,29.47,4,0.02032655781406198,0.4831,7.3675,Email,Tuesday,December,52,Q4,Medium
Search_Google,2025-12-23,7797,258,889.26,19,0.03308964986533282,3.4467,46.8032,Search,Tuesday,December,52,Q4,High
Social_FB,2025-12-23,13243,371,579.89,7,0.02801480027184173,1.563,82.8414,Social,Tuesday,December,52,Q4,Medium
Social_IG,2025-12-23,20298,376,283.02,7,0.018523992511577495,0.7527,40.4314,Social,Tuesday,December,52,Q4,Medium
Display_Programmatic,2025-12-24,12327,49,35.3,0,0.003975014196479273,0.7204,0.0,Display,Wednesday,December,52,Q4,Low
Email_Newsletter,2025-12-24,7819,323,260.92,33,0.04130963038751759,0.8078,7.9067,Email,Wednesday,December,52,Q4,High
Search_Google,2025-12-24,12833,535,1942.62,47,0.041689394529728044,3.6311,41.3323,Search,Wednesday,December,52,Q4,High
Social_FB,2025-12-24,13650,283,275.53,10,0.020732600732600734,0.9736,27.553,Social,Wednesday,December,52,Q4,Medium
Social_IG,2025-12-24,17334,285,306.68,9,0.016441675320179993,1.0761,34.0756,Social,Wednesday,December,52,Q4,Medium
Display_Programmatic,2025-12-25,42320,244,179.78,4,0.005765595463137996,0.7368,44.945,Display,Thursday,December,52,Q4,Low
Email_Newsletter,2025-12-25,8697,392,365.42,29,0.04507301368287915,0.9322,12.6007,Email,Thursday,December,52,Q4,High
Search_Google,2025-12-25,5019,171,407.96,7,0.03407053197848177,2.3857,58.28,Search,Thursday,December,52,Q4,High
Social_FB,2025-12-25,23994,465,510.27,21,0.01937984496124031,1.0974,24.2986,Social,Thursday,December,52,Q4,Medium
Social_IG,2025-12-25,19885,409,513.87,9,0.020568267538345487,1.2564,57.0967,Social,Thursday,December,52,Q4,Medium
Display_Programmatic,2025-12-26,33116,253,245.62,4,0.007639811571445827,0.9708,61.405,Display,Friday,December,52,Q4,Low
Email_Newsletter,2025-12-26,7036,242,198.64,26,0.03439454235361,0.8208,7.64,Email,Friday,December,52,Q4,High
Search_Google,2025-12-26,9090,198,742.11,14,0.02178217821782178,3.748,53.0079,Search,Friday,December,52,Q4,Medium
Social_FB,2025-12-26,18913,251,310.84,9,0.013271294876539946,1.2384,34.5378,Social,Friday,December,52,Q4,Medium
Social_IG,2025-12-26,14023,149,127.99,6,0.010625401126720387,0.859,21.3317,Social,Friday,December,52,Q4,Medium
Display_Programmatic,2025-12-27,14805,130,95.32,2,0.008780817291455589,0.7332,47.66,Display,Saturday,December,52,Q4,Low
Email_Newsletter,2025-12-27,5120,216,71.78,11,0.0421875,0.3323,6.5255,Email,Saturday,December,52,Q4,High
Search_Google,2025-12-27,4966,272,674.53,17,0.05477245267821184,2.4799,39.6782,Search,Saturday,December,52,Q4,High
Social_FB,2025-12-27,12186,178,250.76,5,0.014606925980633513,1.4088,50.152,Social,Saturday,December,52,Q4,Medium
Social_IG,2025-12-27,10240,198,133.24,7,0.0193359375,0.6729,19.0343,Social,Saturday,December,52,Q4,Medium
Display_Programmatic,2025-12-28,20474,215,88.78,3,0.010501123375989059,0.4129,29.5933,Display,Sunday,December,52,Q4,Medium
Email_Newsletter,2025-12-28,5826,296,172.77,28,0.05080672845863371,0.5837,6.1704,Email,Sunday,December,52,Q4,High
Search_Google,2025-12-28,5004,165,329.42,8,0.03297362110311751,1.9965,41.1775,Search,Sunday,December,52,Q4,High
Social_FB,2025-12-28,22487,277,372.99,6,0.012318228309690043,1.3465,62.165,Social,Sunday,December,52,Q4,Medium
Social_IG,2025-12-28,17932,337,377.36,7,0.018793218826678563,1.1198,53.9086,Social,Sunday,December,52,Q4,Medium
Display_Programmatic,2025-12-29,41580,125,135.91,1,0.0030062530062530063,1.0873,135.91,Display,Monday,December,1,Q4,Low
Email_Newsletter,2025-12-29,2877,70,19.16,8,0.024330900243309004,0.2737,2.395,Email,Monday,December,1,Q4,Medium
Search_Google,2025-12-29,8281,232,335.89,15,0.02801594010385219,1.4478,22.3927,Search,Monday,December,1,Q4,Medium
Social_FB,2025-12-29,17275,232,223.47,5,0.013429811866859624,0.9632,44.694,Social,Monday,December,1,Q4,Medium
Social_IG,2025-12-29,11436,208,126.83,6,0.01818817768450507,0.6098,21.1383,Social,Monday,December,1,Q4,Medium
Display_Programmatic,2025-12-30,25826,206,133.04,2,0.007976457833191357,0.6458,66.52,Display,Tuesday,December,1,Q4,Low
Email_Newsletter,2025-12-30,5496,278,215.01,16,0.05058224163027657,0.7734,13.4381,Email,Tuesday,December,1,Q4,High
Search_Google,2025-12-30,8650,252,542.01,14,0.029132947976878612,2.1508,38.715,Search,Tuesday,December,1,Q4,Medium
Social_FB,2025-12-30,24466,474,340.79,18,0.01937382489986103,0.719,18.9328,Social,Tuesday,December,1,Q4,Medium
Social_IG,2025-12-30,11704,193,124.28,6,0.016490088858509912,0.6439,20.7133,Social,Tuesday,December,1,Q4,Medium
Display_Programmatic,2025-12-31,19607,86,93.31,1,0.004386188606110062,1.085,93.31,Display,Wednesday,December,1,Q4,Low
Email_Newsletter,2025-12-31,7185,351,303.88,19,0.0488517745302714,0.8658,15.9937,Email,Wednesday,December,1,Q4,High
Search_Google,2025-12-31,7999,413,576.93,21,0.05163145393174147,1.3969,27.4729,Search,Wednesday,December,1,Q4,High
Social_FB,2025-12-31,15118,383,555.42,9,0.025334038894033604,1.4502,61.7133,Social,Wednesday,December,1,Q4,Medium
Social_IG,2025-12-31,16532,278,289.38,9,0.016815872247761918,1.0409,32.1533,Social,Wednesday,December,1,Q4,Medium
Display_Programmatic,2026-01-01,14770,161,148.03,2,0.010900473933649289,0.9194,74.015,Display,Thursday,January,1,Q1,Medium
Email_Newsletter,2026-01-01,7632,318,104.18,30,0.041666666666666664,0.3276,3.4727,Email,Thursday,January,1,Q1,High
Search_Google,2026-01-01,13614,572,1298.73,50,0.042015572205083,2.2705,25.9746,Search,Thursday,January,1,Q1,High
Social_FB,2026-01-01,16002,399,652.89,11,0.024934383202099737,1.6363,59.3536,Social,Thursday,January,1,Q1,Medium
Social_IG,2026-01-01,14686,193,104.9,3,0.013141767669889691,0.5435,34.9667,Social,Thursday,January,1,Q1,Medium
Display_Programmatic,2026-01-02,25701,308,243.9,5,0.011983969495350376,0.7919,48.78,Display,Friday,January,1,Q1,Medium
Email_Newsletter,2026-01-02,3270,140,105.84,15,0.04281345565749235,0.756,7.056,Email,Friday,January,1,Q1,High
Search_Google,2026-01-02,5595,180,507.18,7,0.032171581769437,2.8177,72.4543,Search,Friday,January,1,Q1,High
Social_FB,2026-01-02,18864,345,516.48,7,0.01828880407124682,1.497,73.7829,Social,Friday,January,1,Q1,Medium
Social_IG,2026-01-02,11996,146,95.51,4,0.012170723574524842,0.6542,23.8775,Social,Friday,January,1,Q1,Medium
Display_Programmatic,2026-01-03,43965,137,155.67,1,0.0031161150915500965,1.1363,155.67,Display,Saturday,January,1,Q1,Low
Email_Newsletter,2026-01-03,7502,161,69.9,12,0.021460943748333777,0.4342,5.825,Email,Saturday,January,1,Q1,Medium
Search_Google,2026-01-03,10350,315,495.34,24,0.030434782608695653,1.5725,20.6392,Search,Saturday,January,1,Q1,High
Social_FB,2026-01-03,26403,439,651.78,14,0.016626898458508503,1.4847,46.5557,Social,Saturday,January,1,Q1,Medium
Social_IG,2026-01-03,19773,425,280.05,9,0.021493956405199008,0.6589,31.1167,Social,Saturday,January,1,Q1,Medium
Display_Programmatic,2026-01-04,27301,101,102.43,1,0.0036994981868796015,1.0142,102.43,Display,Sunday,January,1,Q1,Low
Email_Newsletter,2026-01-04,4506,163,117.72,15,0.0361739902352419,0.7222,7.848,Email,Sunday,January,1,Q1,High
Search_Google,2026-01-04,6762,394,822.34,31,0.05826678497485951,2.0872,26.5271,Search,Sunday,January,1,Q1,High
Social_FB,2026-01-04,18620,236,316.06,7,0.012674543501611171,1.3392,45.1514,Social,Sunday,January,1,Q1,Medium
Social_IG,2026-01-04,19853,330,312.98,13,0.016622172971339343,0.9484,24.0754,Social,Sunday,January,1,Q1,Medium
Display_Programmatic,2026-01-05,26193,187,215.98,4,0.007139312029931661,1.155,53.995,Display,Monday,January,2,Q1,Low
Email_Newsletter,2026-01-05,5486,145,46.85,8,0.026430915056507475,0.3231,5.8562,Email,Monday,January,2,Q1,Medium
Search_Google,2026-01-05,13361,696,905.22,28,0.05209190928822693,1.3006,32.3293,Search,Monday,January,2,Q1,High
Social_FB,2026-01-05,17505,317,241.21,15,0.018109111682376465,0.7609,16.0807,Social,Monday,January,2,Q1,Medium
Social_IG,2026-01-05,14385,252,162.63,4,0.017518248175182483,0.6454,40.6575,Social,Monday,January,2,Q1,Medium
Display_Programmatic,2026-01-06,40831,298,167.29,6,0.007298376233743969,0.5614,27.8817,Display,Tuesday,January,2,Q1,Low
Email_Newsletter,2026-01-06,9367,509,333.45,46,0.05433970321340877,0.6551,7.2489,Email,Tuesday,January,2,Q1,High
Search_Google,2026-01-06,15087,375,1237.31,26,0.024855836150328096,3.2995,47.5888,Search,Tuesday,January,2,Q1,Medium
Social_FB,2026-01-06,21833,322,236.17,6,0.014748316768194934,0.7334,39.3617,Social,Tuesday,January,2,Q1,Medium
Social_IG,2026-01-06,9111,173,245.85,4,0.018988036439468774,1.4211,61.4625,Social,Tuesday,January,2,Q1,Medium
Display_Programmatic,2026-01-07,29692,315,177.19,6,0.010608918227131888,0.5625,29.5317,Display,Wednesday,January,2,Q1,Medium
Email_Newsletter,2026-01-07,5440,295,172.96,30,0.05422794117647059,0.5863,5.7653,Email,Wednesday,January,2,Q1,High
Search_Google,2026-01-07,5416,111,319.64,10,0.02049483013293944,2.8796,31.964,Search,Wednesday,January,2,Q1,Medium
Social_FB,2026-01-07,27063,435,353.62,21,0.016073606030373572,0.8129,16.839,Social,Wednesday,January,2,Q1,Medium
Social_IG,2026-01-07,13524,212,141.87,5,0.01567583555161195,0.6692,28.374,Social,Wednesday,January,2,Q1,Medium
Display_Programmatic,2026-01-08,14432,109,87.15,1,0.0075526607538802665,0.7995,87.15,Display,Thursday,January,2,Q1,Low
Email_Newsletter,2026-01-08,9091,365,185.26,40,0.040149598504014956,0.5076,4.6315,Email,Thursday,January,2,Q1,High
Search_Google,2026-01-08,9259,241,572.22,13,0.026028728804406525,2.3744,44.0169,Search,Thursday,January,2,Q1,Medium
Social_FB,2026-01-08,20447,270,458.07,10,0.013204871130239155,1.6966,45.807,Social,Thursday,January,2,Q1,Medium
Social_IG,2026-01-08,20565,374,399.74,7,0.018186238755166544,1.0688,57.1057,Social,Thursday,January,2,Q1,Medium
Display_Programmatic,2026-01-09,25000,262,249.45,2,0.01048,0.9521,124.725,Display,Friday,January,2,Q1,Medium
Email_Newsletter,2026-01-09,5628,262,146.37,28,0.04655294953802416,0.5587,5.2275,Email,Friday,January,2,Q1,High
Search_Google,2026-01-09,7300,375,475.19,25,0.05136986301369863,1.2672,19.0076,Search,Friday,January,2,Q1,High
Social_FB,2026-01-09,28391,791,831.8,17,0.027860941847768658,1.0516,48.9294,Social,Friday,January,2,Q1,Medium
Social_IG,2026-01-09,20559,254,322.71,9,0.012354686511989883,1.2705,35.8567,Social,Friday,January,2,Q1,Medium
Display_Programmatic,2026-01-10,15784,139,110.67,1,0.008806386213887482,0.7962,110.67,Display,Saturday,January,2,Q1,Low
Email_Newsletter,2026-01-10,5622,123,80.27,10,0.021878335112059766,0.6526,8.027,Email,Saturday,January,2,Q1,Medium
Search_Google,2026-01-10,10725,292,695.94,16,0.027226107226107226,2.3834,43.4963,Search,Saturday,January,2,Q1,Medium
Social_FB,2026-01-10,11539,195,259.11,8,0.01689921137013606,1.3288,32.3888,Social,Saturday,January,2,Q1,Medium
Social_IG,2026-01-10,14782,199,211.33,5,0.013462319036666216,1.062,42.266,Social,Saturday,January,2,Q1,Medium
Display_Programmatic,2026-01-11,27004,308,210.32,5,0.011405717671456081,0.6829,42.064,Display,Sunday,January,2,Q1,Medium
Email_Newsletter,2026-01-11,8020,210,195.69,20,0.026184538653366583,0.9319,9.7845,Email,Sunday,January,2,Q1,Medium
Search_Google,2026-01-11,5431,189,648.51,7,0.034800220953783836,3.4313,92.6443,Search,Sunday,January,2,Q1,High
Social_FB,2026-01-11,17557,411,350.74,20,0.02340946630973401,0.8534,17.537,Social,Sunday,January,2,Q1,Medium
Social_IG,2026-01-11,16535,234,193.03,4,0.014151799213788932,0.8249,48.2575,Social,Sunday,January,2,Q1,Medium
Display_Programmatic,2026-01-12,17768,193,99.25,3,0.010862224223322827,0.5142,33.0833,Display,Monday,January,3,Q1,Medium
Email_Newsletter,2026-01-12,3344,123,38.65,7,0.0367822966507177,0.3142,5.5214,Email,Monday,January,3,Q1,High
Search_Google,2026-01-12,7577,309,1091.5,16,0.04078131186485416,3.5324,68.2188,Search,Monday,January,3,Q1,High
Social_FB,2026-01-12,26343,535,413.12,20,0.020309000493489732,0.7722,20.656,Social,Monday,January,3,Q1,Medium
Social_IG,2026-01-12,9498,98,104.54,3,0.010317961676142346,1.0667,34.8467,Social,Monday,January,3,Q1,Medium
Display_Programmatic,2026-01-13,17311,91,83.47,1,0.005256773150020219,0.9173,83.47,Display,Tuesday,January,3,Q1,Low
Email_Newsletter,2026-01-13,2287,67,50.5,4,0.02929602098819414,0.7537,12.625,Email,Tuesday,January,3,Q1,Medium
Search_Google,2026-01-13,11478,250,465.48,9,0.021780798048440495,1.8619,51.72,Search,Tuesday,January,3,Q1,Medium
Social_FB,2026-01-13,10478,106,83.07,2,0.0101164344340523,0.7837,41.535,Social,Tuesday,January,3,Q1,Medium
Social_IG,2026-01-13,12468,231,296.1,8,0.0185274302213667,1.2818,37.0125,Social,Tuesday,January,3,Q1,Medium
Display_Programmatic,2026-01-14,17675,132,62.9,3,0.007468175388967468,0.4765,20.9667,Display,Wednesday,January,3,Q1,Low
Email_Newsletter,2026-01-14,4919,178,112.89,21,0.03618621671071356,0.6342,5.3757,Email,Wednesday,January,3,Q1,High
Search_Google,2026-01-14,13825,795,1763.28,30,0.057504520795660034,2.218,58.776,Search,Wednesday,January,3,Q1,High
Social_FB,2026-01-14,17254,454,509.83,10,0.0263127390749971,1.123,50.983,Social,Wednesday,January,3,Q1,Medium
Social_IG,2026-01-14,18589,383,458.54,6,0.020603582764000216,1.1972,76.4233,Social,Wednesday,January,3,Q1,Medium
Display_Programmatic,2026-01-15,24869,224,151.66,3,0.009007197716032008,0.6771,50.5533,Display,Thursday,January,3,Q1,Low
Email_Newsletter,2026-01-15,5545,167,53.01,17,0.03011722272317403,0.3174,3.1182,Email,Thursday,January,3,Q1,High
Search_Google,2026-01-15,5898,226,395.1,14,0.03831807392336385,1.7482,28.2214,Search,Thursday,January,3,Q1,High
Social_FB,2026-01-15,9408,189,143.06,7,0.020089285714285716,0.7569,20.4371,Social,Thursday,January,3,Q1,Medium
Social_IG,2026-01-15,13819,216,224.38,8,0.015630653448151097,1.0388,28.0475,Social,Thursday,January,3,Q1,Medium
Display_Programmatic,2026-01-16,31517,314,125.2,2,0.009962877177396325,0.3987,62.6,Display,Friday,January,3,Q1,Low
Email_Newsletter,2026-01-16,4388,131,99.3,10,0.029854147675478577,0.758,9.93,Email,Friday,January,3,Q1,Medium
Search_Google,2026-01-16,6106,162,601.44,8,0.02653128070750082,3.7126,75.18,Search,Friday,January,3,Q1,Medium
Social_FB,2026-01-16,25402,278,215.83,12,0.010944020155893236,0.7764,17.9858,Social,Friday,January,3,Q1,Medium
Social_IG,2026-01-16,19368,303,336.58,11,0.015644361833952913,1.1108,30.5982,Social,Friday,January,3,Q1,Medium
Display_Programmatic,2026-01-17,28488,289,305.86,3,0.010144622297107555,1.0583,101.9533,Display,Saturday,January,3,Q1,Medium
Email_Newsletter,2026-01-17,7361,191,114.08,16,0.025947561472626002,0.5973,7.13,Email,Saturday,January,3,Q1,Medium
Search_Google,2026-01-17,8481,304,749.7,26,0.035844829619148685,2.4661,28.8346,Search,Saturday,January,3,Q1,High
Social_FB,2026-01-17,12986,311,252.1,15,0.023948868011704913,0.8106,16.8067,Social,Saturday,January,3,Q1,Medium
Social_IG,2026-01-17,13469,175,134.19,6,0.012992798277526172,0.7668,22.365,Social,Saturday,January,3,Q1,Medium
Display_Programmatic,2026-01-18,34511,155,99.2,3,0.0044913216076033725,0.64,33.0667,Display,Sunday,January,3,Q1,Low
Email_Newsletter,2026-01-18,3923,91,68.68,4,0.023196533265358144,0.7547,17.17,Email,Sunday,January,3,Q1,Medium
Search_Google,2026-01-18,11289,672,1059.88,41,0.059526973159713,1.5772,25.8507,Search,Sunday,January,3,Q1,High
Social_FB,2026-01-18,9288,215,206.1,10,0.023148148148148147,0.9586,20.61,Social,Sunday,January,3,Q1,Medium
Social_IG,2026-01-18,13054,120,148.82,5,0.009192584648383637,1.2402,29.764,Social,Sunday,January,3,Q1,Low
Display_Programmatic,2026-01-19,39719,155,69.49,1,0.0039024144615926884,0.4483,69.49,Display,Monday,January,4,Q1,Low
Email_Newsletter,2026-01-19,7917,211,114.35,19,0.0266515094101301,0.5419,6.0184,Email,Monday,January,4,Q1,Medium
Search_Google,2026-01-19,14542,803,1395.54,51,0.05521936459909228,1.7379,27.3635,Search,Monday,January,4,Q1,High
Social_FB,2026-01-19,21782,554,655.09,24,0.02543384445872739,1.1825,27.2954,Social,Monday,January,4,Q1,Medium
Social_IG,2026-01-19,15275,223,206.28,8,0.014599018003273323,0.925,25.785,Social,Monday,January,4,Q1,Medium
Display_Programmatic,2026-01-20,21658,80,76.97,1,0.0036937852063902484,0.9621,76.97,Display,Tuesday,January,4,Q1,Low
Email_Newsletter,2026-01-20,9041,248,114.1,12,0.02743059396084504,0.4601,9.5083,Email,Tuesday,January,4,Q1,Medium
Search_Google,2026-01-20,14162,382,722.04,31,0.02697359130066375,1.8902,23.2916,Search,Tuesday,January,4,Q1,Medium
Social_FB,2026-01-20,15864,399,645.89,13,0.02515128593040847,1.6188,49.6838,Social,Tuesday,January,4,Q1,Medium
Social_IG,2026-01-20,16378,301,229.03,5,0.018378312370252777,0.7609,45.806,Social,Tuesday,January,4,Q1,Medium
Display_Programmatic,2026-01-21,17554,205,194.26,2,0.011678249971516463,0.9476,97.13,Display,Wednesday,January,4,Q1,Medium
Email_Newsletter,2026-01-21,5883,273,76.76,29,0.046404895461499236,0.2812,2.6469,Email,Wednesday,January,4,Q1,High
Search_Google,2026-01-21,10977,572,708.33,35,0.05210895508791109,1.2383,20.238,Search,Wednesday,January,4,Q1,High
Social_FB,2026-01-21,21011,456,261.47,21,0.021702917519394602,0.5734,12.451,Social,Wednesday,January,4,Q1,Medium
Social_IG,2026-01-21,9049,129,167.74,4,0.014255718863962869,1.3003,41.935,Social,Wednesday,January,4,Q1,Medium
Display_Programmatic,2026-01-22,32512,164,123.15,3,0.005044291338582677,0.7509,41.05,Display,Thursday,January,4,Q1,Low
Email_Newsletter,2026-01-22,3760,187,126.44,18,0.04973404255319149,0.6761,7.0244,Email,Thursday,January,4,Q1,High
Search_Google,2026-01-22,5160,113,230.74,7,0.021899224806201552,2.0419,32.9629,Search,Thursday,January,4,Q1,Medium
Social_FB,2026-01-22,17504,351,407.61,13,0.02005255941499086,1.1613,31.3546,Social,Thursday,January,4,Q1,Medium
Social_IG,2026-01-22,15266,146,139.22,5,0.009563736407703393,0.9536,27.844,Social,Thursday,January,4,Q1,Low
Display_Programmatic,2026-01-23,42400,345,226.91,5,0.008136792452830189,0.6577,45.382,Display,Friday,January,4,Q1,Low
Email_Newsletter,2026-01-23,6678,242,108.94,13,0.03623839472896077,0.4502,8.38,Email,Friday,January,4,Q1,High
Search_Google,2026-01-23,7095,291,945.67,11,0.041014799154334036,3.2497,85.97,Search,Friday,January,4,Q1,High
Social_FB,2026-01-23,20477,363,512.33,10,0.017727206133710992,1.4114,51.233,Social,Friday,January,4,Q1,Medium
Social_IG,2026-01-23,8305,74,74.24,3,0.008910295003010235,1.0032,24.7467,Social,Friday,January,4,Q1,Low
Display_Programmatic,2026-01-24,21975,119,112.78,1,0.005415244596131968,0.9477,112.78,Display,Saturday,January,4,Q1,Low
Email_Newsletter,2026-01-24,7372,303,122.85,34,0.041101465002712965,0.4054,3.6132,Email,Saturday,January,4,Q1,High
Search_Google,2026-01-24,13265,611,1757.49,53,0.046061062947606486,2.8764,33.1602,Search,Saturday,January,4,Q1,High
Social_FB,2026-01-24,25779,539,665.06,21,0.02090849140773498,1.2339,31.6695,Social,Saturday,January,4,Q1,Medium
Social_IG,2026-01-24,19411,339,266.12,6,0.017464324352171448,0.785,44.3533,Social,Saturday,January,4,Q1,Medium
Display_Programmatic,2026-01-25,37182,205,121.59,4,0.005513420472271529,0.5931,30.3975,Display,Sunday,January,4,Q1,Low
Email_Newsletter,2026-01-25,4110,132,108.44,11,0.032116788321167884,0.8215,9.8582,Email,Sunday,January,4,Q1,High
Search_Google,2026-01-25,8767,338,591.36,20,0.03855366716094445,1.7496,29.568,Search,Sunday,January,4,Q1,High
Social_FB,2026-01-25,16523,347,282.12,9,0.021001028868849483,0.813,31.3467,Social,Sunday,January,4,Q1,Medium
Social_IG,2026-01-25,11528,230,305.79,4,0.01995142262317835,1.3295,76.4475,Social,Sunday,January,4,Q1,Medium
Display_Programmatic,2026-01-26,14637,158,147.97,1,0.010794561727129877,0.9365,147.97,Display,Monday,January,5,Q1,Medium
Email_Newsletter,2026-01-26,5514,227,72.73,22,0.041167936162495464,0.3204,3.3059,Email,Monday,January,5,Q1,High
Search_Google,2026-01-26,9768,316,1225.77,25,0.03235053235053235,3.879,49.0308,Search,Monday,January,5,Q1,High
Social_FB,2026-01-26,21243,230,335.86,7,0.01082709598455962,1.4603,47.98,Social,Monday,January,5,Q1,Medium
Social_IG,2026-01-26,16236,226,309.73,6,0.013919684651391968,1.3705,51.6217,Social,Monday,January,5,Q1,Medium
Display_Programmatic,2026-01-27,17783,78,67.27,1,0.004386211550357083,0.8624,67.27,Display,Tuesday,January,5,Q1,Low
Email_Newsletter,2026-01-27,3756,84,26.8,7,0.022364217252396165,0.319,3.8286,Email,Tuesday,January,5,Q1,Medium
Search_Google,2026-01-27,5770,252,767.35,9,0.04367417677642981,3.045,85.2611,Search,Tuesday,January,5,Q1,High
Social_FB,2026-01-27,9803,172,108.72,7,0.017545649291033357,0.6321,15.5314,Social,Tuesday,January,5,Q1,Medium
Social_IG,2026-01-27,8828,163,184.0,4,0.018463978251019482,1.1288,46.0,Social,Tuesday,January,5,Q1,Medium
Display_Programmatic,2026-01-28,15277,77,53.84,1,0.005040256594881194,0.6992,53.84,Display,Wednesday,January,5,Q1,Low
Email_Newsletter,2026-01-28,7669,269,166.63,19,0.035076281131829444,0.6194,8.77,Email,Wednesday,January,5,Q1,High
Search_Google,2026-01-28,5636,210,392.68,15,0.03726046841731725,1.8699,26.1787,Search,Wednesday,January,5,Q1,High
Social_FB,2026-01-28,11295,212,129.44,8,0.01876936697653829,0.6106,16.18,Social,Wednesday,January,5,Q1,Medium
Social_IG,2026-01-28,19359,213,249.15,6,0.011002634433596777,1.1697,41.525,Social,Wednesday,January,5,Q1,Medium
Display_Programmatic,2026-01-29,26531,241,144.64,3,0.009083713391881196,0.6002,48.2133,Display,Thursday,January,5,Q1,Low
Email_Newsletter,2026-01-29,6627,262,101.13,14,0.03953523464614456,0.386,7.2236,Email,Thursday,January,5,Q1,High
Search_Google,2026-01-29,6211,282,387.63,15,0.04540331669618419,1.3746,25.842,Search,Thursday,January,5,Q1,High
Social_FB,2026-01-29,21958,368,360.8,9,0.0167592676928682,0.9804,40.0889,Social,Thursday,January,5,Q1,Medium
Social_IG,2026-01-29,19259,360,304.26,15,0.018692559322913964,0.8452,20.284,Social,Thursday,January,5,Q1,Medium
Display_Programmatic,2026-01-30,33564,213,149.76,2,0.00634608509116911,0.7031,74.88,Display,Friday,January,5,Q1,Low
Email_Newsletter,2026-01-30,3608,177,83.17,21,0.049057649667405764,0.4699,3.9605,Email,Friday,January,5,Q1,High
Search_Google,2026-01-30,7479,376,781.68,23,0.05027410081561706,2.0789,33.9861,Search,Friday,January,5,Q1,High
Social_FB,2026-01-30,17651,185,285.76,6,0.010480992578324175,1.5446,47.6267,Social,Friday,January,5,Q1,Medium
Social_IG,2026-01-30,17981,196,174.91,8,0.010900394861242422,0.8924,21.8638,Social,Friday,January,5,Q1,Medium
Display_Programmatic,2026-01-31,36369,425,263.87,6,0.011685776347988671,0.6209,43.9783,Display,Saturday,January,5,Q1,Medium
Email_Newsletter,2026-01-31,3627,199,149.35,11,0.05486628067273228,0.7505,13.5773,Email,Saturday,January,5,Q1,High
Search_Google,2026-01-31,5664,274,712.12,12,0.048375706214689264,2.599,59.3433,Search,Saturday,January,5,Q1,High
Social_FB,2026-01-31,15404,369,401.65,18,0.02395481693066736,1.0885,22.3139,Social,Saturday,January,5,Q1,Medium
Social_IG,2026-01-31,14837,277,249.74,10,0.018669542360315428,0.9016,24.974,Social,Saturday,January,5,Q1,Medium
Display_Programmatic,2026-02-01,35312,218,85.97,3,0.0061735387403715454,0.3944,28.6567,Display,Sunday,February,5,Q1,Low
Email_Newsletter,2026-02-01,3843,94,42.83,10,0.024460057246942495,0.4556,4.283,Email,Sunday,February,5,Q1,Medium
Search_Google,2026-02-01,6862,286,1130.46,14,0.04167881084232002,3.9527,80.7471,Search,Sunday,February,5,Q1,High
Social_FB,2026-02-01,15002,418,519.26,19,0.027862951606452472,1.2422,27.3295,Social,Sunday,February,5,Q1,Medium
Social_IG,2026-02-01,13327,193,137.98,7,0.014481878892473925,0.7149,19.7114,Social,Sunday,February,5,Q1,Medium
Display_Programmatic,2026-02-02,35651,372,311.52,6,0.010434489916131384,0.8374,51.92,Display,Monday,February,6,Q1,Medium
Email_Newsletter,2026-02-02,6055,332,85.86,16,0.05483071841453344,0.2586,5.3662,Email,Monday,February,6,Q1,High
Search_Google,2026-02-02,7875,272,957.42,20,0.03453968253968254,3.5199,47.871,Search,Monday,February,6,Q1,High
Social_FB,2026-02-02,16021,378,342.39,13,0.02359403283190812,0.9058,26.3377,Social,Monday,February,6,Q1,Medium
Social_IG,2026-02-02,18106,196,173.35,7,0.010825140837291506,0.8844,24.7643,Social,Monday,February,6,Q1,Medium
Display_Programmatic,2026-02-03,25716,226,141.03,4,0.008788303002022088,0.624,35.2575,Display,Tuesday,February,6,Q1,Low
Email_Newsletter,2026-02-03,4012,215,199.29,10,0.05358923230309073,0.9269,19.929,Email,Tuesday,February,6,Q1,High
Search_Google,2026-02-03,9077,431,1228.8,32,0.047482648452131765,2.851,38.4,Search,Tuesday,February,6,Q1,High
Social_FB,2026-02-03,25357,661,977.87,13,0.02606775249438025,1.4794,75.2208,Social,Tuesday,February,6,Q1,Medium
Social_IG,2026-02-03,21409,462,566.43,10,0.021579709467980757,1.226,56.643,Social,Tuesday,February,6,Q1,Medium
Display_Programmatic,2026-02-04,28373,261,153.15,2,0.009198886265111197,0.5868,76.575,Display,Wednesday,February,6,Q1,Low
Email_Newsletter,2026-02-04,3486,168,53.55,20,0.04819277108433735,0.3188,2.6775,Email,Wednesday,February,6,Q1,High
Search_Google,2026-02-04,8434,405,941.12,17,0.048019919373962536,2.3238,55.36,Search,Wednesday,February,6,Q1,High
Social_FB,2026-02-04,20337,220,255.06,6,0.01081772139450263,1.1594,42.51,Social,Wednesday,February,6,Q1,Medium
Social_IG,2026-02-04,11491,213,247.0,8,0.018536245757549388,1.1596,30.875,Social,Wednesday,February,6,Q1,Medium
Display_Programmatic,2026-02-05,19675,219,149.31,2,0.011130876747141041,0.6818,74.655,Display,Thursday,February,6,Q1,Medium
Email_Newsletter,2026-02-05,9221,500,247.85,45,0.05422405379026136,0.4957,5.5078,Email,Thursday,February,6,Q1,High
Search_Google,2026-02-05,7848,428,799.55,24,0.0545361875637105,1.8681,33.3146,Search,Thursday,February,6,Q1,High
Social_FB,2026-02-05,15843,406,305.75,16,0.025626459635170108,0.7531,19.1094,Social,Thursday,February,6,Q1,Medium
Social_IG,2026-02-05,16182,290,175.77,5,0.017921146953405017,0.6061,35.154,Social,Thursday,February,6,Q1,Medium
Display_Programmatic,2026-02-06,21026,230,199.0,4,0.010938837629601445,0.8652,49.75,Display,Friday,February,6,Q1,Medium
Email_Newsletter,2026-02-06,6992,140,38.14,12,0.02002288329519451,0.2724,3.1783,Email,Friday,February,6,Q1,Medium
Search_Google,2026-02-06,5905,152,290.97,12,0.025740897544453852,1.9143,24.2475,Search,Friday,February,6,Q1,Medium
Social_FB,2026-02-06,21140,524,654.03,19,0.02478713339640492,1.2481,34.4226,Social,Friday,February,6,Q1,Medium
Social_IG,2026-02-06,11759,133,107.47,3,0.011310485585508971,0.808,35.8233,Social,Friday,February,6,Q1,Medium
Display_Programmatic,2026-02-07,42094,481,196.82,7,0.011426806670784434,0.4092,28.1171,Display,Saturday,February,6,Q1,Medium
Email_Newsletter,2026-02-07,4770,160,105.35,15,0.033542976939203356,0.6584,7.0233,Email,Saturday,February,6,Q1,High
Search_Google,2026-02-07,10801,557,1382.87,47,0.05156929913896861,2.4827,29.4228,Search,Saturday,February,6,Q1,High
Social_FB,2026-02-07,24761,249,326.35,6,0.010056136666532047,1.3106,54.3917,Social,Saturday,February,6,Q1,Medium
Social_IG,2026-02-07,15893,311,339.62,6,0.019568363430441073,1.092,56.6033,Social,Saturday,February,6,Q1,Medium
Display_Programmatic,2026-02-08,14809,72,42.36,1,0.00486190829900736,0.5883,42.36,Display,Sunday,February,6,Q1,Low
Email_Newsletter,2026-02-08,7199,191,103.14,17,0.026531462703153215,0.54,6.0671,Email,Sunday,February,6,Q1,Medium
Search_Google,2026-02-08,6161,246,850.16,14,0.03992858302223665,3.4559,60.7257,Search,Sunday,February,6,Q1,High
Social_FB,2026-02-08,26699,355,267.15,10,0.013296378141503426,0.7525,26.715,Social,Sunday,February,6,Q1,Medium
Social_IG,2026-02-08,13023,159,198.25,3,0.012209168394379175,1.2469,66.0833,Social,Sunday,February,6,Q1,Medium
Display_Programmatic,2026-02-09,23784,81,82.07,1,0.0034056508577194754,1.0132,82.07,Display,Monday,February,7,Q1,Low
Email_Newsletter,2026-02-09,7750,182,79.06,18,0.023483870967741936,0.4344,4.3922,Email,Monday,February,7,Q1,Medium
Search_Google,2026-02-09,13787,494,902.59,37,0.03583085515340538,1.8271,24.3943,Search,Monday,February,7,Q1,High
Social_FB,2026-02-09,11130,155,182.39,6,0.013926325247079964,1.1767,30.3983,Social,Monday,February,7,Q1,Medium
Social_IG,2026-02-09,8851,186,235.51,3,0.021014574624336233,1.2662,78.5033,Social,Monday,February,7,Q1,Medium
Display_Programmatic,2026-02-10,37819,156,152.1,1,0.00412491075914223,0.975,152.1,Display,Tuesday,February,7,Q1,Low
Email_Newsletter,2026-02-10,4604,121,55.31,9,0.026281494352736752,0.4571,6.1456,Email,Tuesday,February,7,Q1,Medium
Search_Google,2026-02-10,9240,353,593.9,18,0.038203463203463205,1.6824,32.9944,Search,Tuesday,February,7,Q1,High
Social_FB,2026-02-10,14802,258,261.6,9,0.017430077016619375,1.014,29.0667,Social,Tuesday,February,7,Q1,Medium
Social_IG,2026-02-10,11247,132,160.17,5,0.01173646305681515,1.2134,32.034,Social,Tuesday,February,7,Q1,Medium
Display_Programmatic,2026-02-11,41617,462,496.47,7,0.011101232669341855,1.0746,70.9243,Display,Wednesday,February,7,Q1,Medium
Email_Newsletter,2026-02-11,6458,298,92.02,24,0.04614431712604521,0.3088,3.8342,Email,Wednesday,February,7,Q1,High
Search_Google,2026-02-11,9980,531,998.69,36,0.053206412825651306,1.8808,27.7414,Search,Wednesday,February,7,Q1,High
Social_FB,2026-02-11,14564,204,242.45,8,0.014007140895358419,1.1885,30.3062,Social,Wednesday,February,7,Q1,Medium
Social_IG,2026-02-11,15113,258,305.88,11,0.017071395487328788,1.1856,27.8073,Social,Wednesday,February,7,Q1,Medium
Display_Programmatic,2026-02-12,13971,161,145.45,2,0.011523870875384725,0.9034,72.725,Display,Thursday,February,7,Q1,Medium
Email_Newsletter,2026-02-12,2840,127,40.89,6,0.04471830985915493,0.322,6.815,Email,Thursday,February,7,Q1,High
Search_Google,2026-02-12,11862,539,1542.17,30,0.04543921766987017,2.8612,51.4057,Search,Thursday,February,7,Q1,High
Social_FB,2026-02-12,27426,455,344.4,11,0.016590096988259317,0.7569,31.3091,Social,Thursday,February,7,Q1,Medium
Social_IG,2026-02-12,7508,149,125.97,4,0.019845498135322322,0.8454,31.4925,Social,Thursday,February,7,Q1,Medium
Display_Programmatic,2026-02-13,18511,199,209.97,3,0.010750364648047107,1.0551,69.99,Display,Friday,February,7,Q1,Medium
Email_Newsletter,2026-02-13,6850,376,195.25,32,0.05489051094890511,0.5193,6.1016,Email,Friday,February,7,Q1,High
Search_Google,2026-02-13,7741,390,650.04,25,0.050381087714765536,1.6668,26.0016,Search,Friday,February,7,Q1,High
Social_FB,2026-02-13,16186,229,226.83,4,0.014148029161003337,0.9905,56.7075,Social,Friday,February,7,Q1,Medium
Social_IG,2026-02-13,20587,234,248.42,7,0.011366396269490455,1.0616,35.4886,Social,Friday,February,7,Q1,Medium
Display_Programmatic,2026-02-14,40071,464,316.48,9,0.011579446482493573,0.6821,35.1644,Display,Saturday,February,7,Q1,Medium
Email_Newsletter,2026-02-14,5468,247,169.54,16,0.04517190929041697,0.6864,10.5962,Email,Saturday,February,7,Q1,High
Search_Google,2026-02-14,5571,288,1130.13,24,0.051696284329563816,3.9241,47.0888,Search,Saturday,February,7,Q1,High
Social_FB,2026-02-14,18355,508,434.7,18,0.02767638245709616,0.8557,24.15,Social,Saturday,February,7,Q1,Medium
Social_IG,2026-02-14,15438,162,84.73,3,0.010493587252234746,0.523,28.2433,Social,Saturday,February,7,Q1,Medium
Display_Programmatic,2026-02-15,18050,95,65.92,1,0.005263157894736842,0.6939,65.92,Display,Sunday,February,7,Q1,Low
Email_Newsletter,2026-02-15,3764,91,49.43,6,0.024176408076514347,0.5432,8.2383,Email,Sunday,February,7,Q1,Medium
Search_Google,2026-02-15,12882,372,1316.44,20,0.02887750349324639,3.5388,65.822,Search,Sunday,February,7,Q1,Medium
Social_FB,2026-02-15,21871,597,886.53,25,0.027296419916784782,1.485,35.4612,Social,Sunday,February,7,Q1,Medium
Social_IG,2026-02-15,9643,78,100.58,2,0.008088769055273256,1.2895,50.29,Social,Sunday,February,7,Q1,Low
Display_Programmatic,2026-02-16,33064,107,94.29,2,0.003236148076457779,0.8812,47.145,Display,Monday,February,8,Q1,Low
Email_Newsletter,2026-02-16,3829,100,46.51,11,0.026116479498563595,0.4651,4.2282,Email,Monday,February,8,Q1,Medium
Search_Google,2026-02-16,7896,289,1087.87,24,0.03660081053698075,3.7643,45.3279,Search,Monday,February,8,Q1,High
Social_FB,2026-02-16,18726,218,142.9,4,0.011641567873544804,0.6555,35.725,Social,Monday,February,8,Q1,Medium
Social_IG,2026-02-16,11263,146,113.08,5,0.012962798543904822,0.7745,22.616,Social,Monday,February,8,Q1,Medium
Display_Programmatic,2026-02-17,45478,220,128.19,2,0.004837503848014424,0.5827,64.095,Display,Tuesday,February,8,Q1,Low
Email_Newsletter,2026-02-17,9474,258,81.48,13,0.027232425585813805,0.3158,6.2677,Email,Tuesday,February,8,Q1,Medium
Search_Google,2026-02-17,14265,525,1286.13,41,0.03680336487907466,2.4498,31.369,Search,Tuesday,February,8,Q1,High
Social_FB,2026-02-17,25485,585,588.44,21,0.022954679223072396,1.0059,28.021,Social,Tuesday,February,8,Q1,Medium
Social_IG,2026-02-17,22183,265,372.13,7,0.011946084839742145,1.4043,53.1614,Social,Tuesday,February,8,Q1,Medium
Display_Programmatic,2026-02-18,15212,46,32.02,1,0.0030239284775177492,0.6961,32.02,Display,Wednesday,February,8,Q1,Low
Email_Newsletter,2026-02-18,3783,102,26.05,6,0.02696272799365583,0.2554,4.3417,Email,Wednesday,February,8,Q1,Medium
Search_Google,2026-02-18,10804,341,765.67,29,0.03156238430211033,2.2454,26.4024,Search,Wednesday,February,8,Q1,High
Social_FB,2026-02-18,22341,556,771.67,11,0.02488697909672799,1.3879,70.1518,Social,Wednesday,February,8,Q1,Medium
Social_IG,2026-02-18,16117,277,362.47,5,0.01718682136874108,1.3086,72.494,Social,Wednesday,February,8,Q1,Medium
Display_Programmatic,2026-02-19,35898,399,453.11,7,0.011114825338458968,1.1356,64.73,Display,Thursday,February,8,Q1,Medium
Email_Newsletter,2026-02-19,7411,289,142.64,16,0.03899608689785454,0.4936,8.915,Email,Thursday,February,8,Q1,High
Search_Google,2026-02-19,7891,416,752.2,20,0.05271828665568369,1.8082,37.61,Search,Thursday,February,8,Q1,High
Social_FB,2026-02-19,16123,176,166.54,4,0.010916082614897972,0.9462,41.635,Social,Thursday,February,8,Q1,Medium
Social_IG,2026-02-19,21454,394,349.44,15,0.018364873683229234,0.8869,23.296,Social,Thursday,February,8,Q1,Medium
Display_Programmatic,2026-02-20,35370,163,147.25,1,0.0046084252191122424,0.9034,147.25,Display,Friday,February,8,Q1,Low
Email_Newsletter,2026-02-20,8681,395,177.75,43,0.0455016703144799,0.45,4.1337,Email,Friday,February,8,Q1,High
Search_Google,2026-02-20,10649,430,1643.39,24,0.04037937834538454,3.8218,68.4746,Search,Friday,February,8,Q1,High
Social_FB,2026-02-20,19722,535,472.32,10,0.027127066220464457,0.8828,47.232,Social,Friday,February,8,Q1,Medium
Social_IG,2026-02-20,14740,248,266.46,5,0.01682496607869742,1.0744,53.292,Social,Friday,February,8,Q1,Medium
Display_Programmatic,2026-02-21,13418,55,47.18,1,0.0040989715307795495,0.8578,47.18,Display,Saturday,February,8,Q1,Low
Email_Newsletter,2026-02-21,7095,200,158.1,20,0.028188865398167725,0.7905,7.905,Email,Saturday,February,8,Q1,Medium
Search_Google,2026-02-21,7401,381,782.45,29,0.05147952979327118,2.0537,26.981,Search,Saturday,February,8,Q1,High
Social_FB,2026-02-21,12887,283,212.54,7,0.021960114844416855,0.751,30.3629,Social,Saturday,February,8,Q1,Medium
Social_IG,2026-02-21,8590,136,130.46,6,0.015832363213038415,0.9593,21.7433,Social,Saturday,February,8,Q1,Medium
Display_Programmatic,2026-02-22,28592,300,111.09,6,0.010492445439283717,0.3703,18.515,Display,Sunday,February,8,Q1,Medium
Email_Newsletter,2026-02-22,3126,65,24.14,5,0.020793346129238645,0.3714,4.828,Email,Sunday,February,8,Q1,Medium
Search_Google,2026-02-22,9087,426,807.33,34,0.0468801584681413,1.8951,23.745,Search,Sunday,February,8,Q1,High
Social_FB,2026-02-22,11237,136,191.79,7,0.012102874432677761,1.4102,27.3986,Social,Sunday,February,8,Q1,Medium
Social_IG,2026-02-22,12762,126,84.12,5,0.009873060648801129,0.6676,16.824,Social,Sunday,February,8,Q1,Low
Display_Programmatic,2026-02-23,26528,127,109.62,2,0.004787394451145959,0.8631,54.81,Display,Monday,February,9,Q1,Low
Email_Newsletter,2026-02-23,9106,270,225.21,21,0.02965077970568856,0.8341,10.7243,Email,Monday,February,9,Q1,Medium
Search_Google,2026-02-23,7693,271,913.36,24,0.03522682958533732,3.3703,38.0567,Search,Monday,February,9,Q1,High
Social_FB,2026-02-23,21446,553,460.68,21,0.025785694301967733,0.8331,21.9371,Social,Monday,February,9,Q1,Medium
Social_IG,2026-02-23,7632,107,83.61,4,0.014019916142557652,0.7814,20.9025,Social,Monday,February,9,Q1,Medium
Display_Programmatic,2026-02-24,16036,69,35.33,1,0.0043028186580194566,0.512,35.33,Display,Tuesday,February,9,Q1,Low
Email_Newsletter,2026-02-24,8619,262,171.46,14,0.030397957999767956,0.6544,12.2471,Email,Tuesday,February,9,Q1,High
Search_Google,2026-02-24,10687,420,841.23,21,0.03930008421446617,2.0029,40.0586,Search,Tuesday,February,9,Q1,High
Social_FB,2026-02-24,25771,512,567.05,25,0.019867292693337472,1.1075,22.682,Social,Tuesday,February,9,Q1,Medium
Social_IG,2026-02-24,20674,288,247.97,7,0.01393054077585373,0.861,35.4243,Social,Tuesday,February,9,Q1,Medium
Display_Programmatic,2026-02-25,37826,322,316.06,3,0.008512663247501719,0.9816,105.3533,Display,Wednesday,February,9,Q1,Low
Email_Newsletter,2026-02-25,4099,166,113.88,16,0.0404976823615516,0.686,7.1175,Email,Wednesday,February,9,Q1,High
Search_Google,2026-02-25,10521,462,1600.08,38,0.043912175648702596,3.4634,42.1074,Search,Wednesday,February,9,Q1,High
Social_FB,2026-02-25,27389,406,614.83,8,0.01482346927598671,1.5144,76.8538,Social,Wednesday,February,9,Q1,Medium
Social_IG,2026-02-25,11794,169,178.34,6,0.01432931999321689,1.0553,29.7233,Social,Wednesday,February,9,Q1,Medium
Display_Programmatic,2026-02-26,17023,130,137.55,2,0.007636726781413382,1.0581,68.775,Display,Thursday,February,9,Q1,Low
Email_Newsletter,2026-02-26,7208,305,205.55,19,0.04231409544950056,0.6739,10.8184,Email,Thursday,February,9,Q1,High
Search_Google,2026-02-26,8676,482,1684.09,19,0.05555555555555555,3.494,88.6363,Search,Thursday,February,9,Q1,High
Social_FB,2026-02-26,9862,269,371.15,8,0.02727641452038126,1.3797,46.3938,Social,Thursday,February,9,Q1,Medium
Social_IG,2026-02-26,16253,179,181.44,6,0.011013351381283456,1.0136,30.24,Social,Thursday,February,9,Q1,Medium
Display_Programmatic,2026-02-27,40458,243,155.53,4,0.006006228681595729,0.64,38.8825,Display,Friday,February,9,Q1,Low
Email_Newsletter,2026-02-27,5194,203,137.61,12,0.03908355795148248,0.6779,11.4675,Email,Friday,February,9,Q1,High
Search_Google,2026-02-27,10184,502,1395.01,34,0.0492930086410055,2.7789,41.0297,Search,Friday,February,9,Q1,High
Social_FB,2026-02-27,21344,551,327.1,23,0.025815217391304348,0.5936,14.2217,Social,Friday,February,9,Q1,Medium
Social_IG,2026-02-27,14021,115,149.76,2,0.00820198274017545,1.3023,74.88,Social,Friday,February,9,Q1,Low
Display_Programmatic,2026-02-28,33316,250,120.03,3,0.007503902029055109,0.4801,40.01,Display,Saturday,February,9,Q1,Low
Email_Newsletter,2026-02-28,2805,85,21.9,7,0.030303030303030304,0.2576,3.1286,Email,Saturday,February,9,Q1,High
Search_Google,2026-02-28,8495,324,619.46,23,0.038140082401412596,1.9119,26.933,Search,Saturday,February,9,Q1,High
Social_FB,2026-02-28,10610,253,214.16,8,0.023845428840716304,0.8465,26.77,Social,Saturday,February,9,Q1,Medium
Social_IG,2026-02-28,7987,94,126.93,2,0.011769124827845248,1.3503,63.465,Social,Saturday,February,9,Q1,Medium
Display_Programmatic,2026-03-01,17563,183,162.64,2,0.010419632181290212,0.8887,81.32,Display,Sunday,March,9,Q1,Medium
Email_Newsletter,2026-03-01,5612,161,94.71,13,0.028688524590163935,0.5883,7.2854,Email,Sunday,March,9,Q1,Medium
Search_Google,2026-03-01,11498,467,1776.45,37,0.040615759262480434,3.804,48.0122,Search,Sunday,March,9,Q1,High
Social_FB,2026-03-01,20746,228,329.31,8,0.01099007037501205,1.4443,41.1638,Social,Sunday,March,9,Q1,Medium
Social_IG,2026-03-01,19175,345,330.87,5,0.017992177314211214,0.959,66.174,Social,Sunday,March,9,Q1,Medium
Display_Programmatic,2026-03-02,16717,179,185.44,3,0.010707662858168331,1.036,61.8133,Display,Monday,March,10,Q1,Medium
Email_Newsletter,2026-03-02,6286,260,171.14,15,0.041361756283805284,0.6582,11.4093,Email,Monday,March,10,Q1,High
Search_Google,2026-03-02,16088,903,2976.1,35,0.05612879164594729,3.2958,85.0314,Search,Monday,March,10,Q1,High
Social_FB,2026-03-02,17669,440,649.84,11,0.024902371384911425,1.4769,59.0764,Social,Monday,March,10,Q1,Medium
Social_IG,2026-03-02,22997,298,427.01,9,0.012958211940687915,1.4329,47.4456,Social,Monday,March,10,Q1,Medium
Display_Programmatic,2026-03-03,35004,217,113.02,2,0.006199291509541766,0.5208,56.51,Display,Tuesday,March,10,Q1,Low
Email_Newsletter,2026-03-03,6460,200,79.25,12,0.030959752321981424,0.3962,6.6042,Email,Tuesday,March,10,Q1,High
Search_Google,2026-03-03,9391,318,1048.61,18,0.0338622084974976,3.2975,58.2561,Search,Tuesday,March,10,Q1,High
Social_FB,2026-03-03,22010,373,399.83,13,0.016946842344388913,1.0719,30.7562,Social,Tuesday,March,10,Q1,Medium
Social_IG,2026-03-03,8029,145,136.66,5,0.018059534188566446,0.9425,27.332,Social,Tuesday,March,10,Q1,Medium
Display_Programmatic,2026-03-04,20477,153,111.95,3,0.00747179762660546,0.7317,37.3167,Display,Wednesday,March,10,Q1,Low
Email_Newsletter,2026-03-04,10103,275,219.85,20,0.02721963773136692,0.7995,10.9925,Email,Wednesday,March,10,Q1,Medium
Search_Google,2026-03-04,10192,559,1368.62,39,0.0548469387755102,2.4483,35.0928,Search,Wednesday,March,10,Q1,High
Social_FB,2026-03-04,22869,458,476.5,14,0.020027110936201846,1.0404,34.0357,Social,Wednesday,March,10,Q1,Medium
Social_IG,2026-03-04,25276,348,246.39,12,0.013768001266023105,0.708,20.5325,Social,Wednesday,March,10,Q1,Medium
Display_Programmatic,2026-03-05,12973,141,61.11,1,0.010868727356818007,0.4334,61.11,Display,Thursday,March,10,Q1,Medium
Email_Newsletter,2026-03-05,8111,290,248.24,17,0.03575391443718407,0.856,14.6024,Email,Thursday,March,10,Q1,High
Search_Google,2026-03-05,14379,293,801.76,22,0.020376938591000766,2.7364,36.4436,Search,Thursday,March,10,Q1,Medium
Social_FB,2026-03-05,10184,276,353.92,12,0.027101335428122545,1.2823,29.4933,Social,Thursday,March,10,Q1,Medium
Social_IG,2026-03-05,16022,235,263.26,7,0.014667332417925352,1.1203,37.6086,Social,Thursday,March,10,Q1,Medium
Display_Programmatic,2026-03-06,37941,262,197.16,5,0.006905458475000659,0.7525,39.432,Display,Friday,March,10,Q1,Low
Email_Newsletter,2026-03-06,8788,197,131.73,20,0.02241693218024579,0.6687,6.5865,Email,Friday,March,10,Q1,Medium
Search_Google,2026-03-06,13928,583,1392.12,52,0.04185812751292361,2.3879,26.7715,Search,Friday,March,10,Q1,High
Social_FB,2026-03-06,14150,306,259.09,6,0.021625441696113076,0.8467,43.1817,Social,Friday,March,10,Q1,Medium
Social_IG,2026-03-06,11122,226,245.55,6,0.020320086315410896,1.0865,40.925,Social,Friday,March,10,Q1,Medium
Display_Programmatic,2026-03-07,41754,427,200.35,6,0.010226565119509508,0.4692,33.3917,Display,Saturday,March,10,Q1,Medium
Email_Newsletter,2026-03-07,2763,127,50.89,7,0.04596453130655085,0.4007,7.27,Email,Saturday,March,10,Q1,High
Search_Google,2026-03-07,10503,238,677.39,18,0.022660192326002096,2.8462,37.6328,Search,Saturday,March,10,Q1,Medium
Social_FB,2026-03-07,12919,282,165.15,11,0.021828314885053022,0.5856,15.0136,Social,Saturday,March,10,Q1,Medium
Social_IG,2026-03-07,17685,350,359.32,9,0.019790783149561775,1.0266,39.9244,Social,Saturday,March,10,Q1,Medium
Display_Programmatic,2026-03-08,25220,172,120.36,3,0.0068199841395717685,0.6998,40.12,Display,Sunday,March,10,Q1,Low
Email_Newsletter,2026-03-08,5729,232,124.64,13,0.04049572351195671,0.5372,9.5877,Email,Sunday,March,10,Q1,High
Search_Google,2026-03-08,5075,180,308.8,12,0.035467980295566505,1.7156,25.7333,Search,Sunday,March,10,Q1,High
Social_FB,2026-03-08,22256,465,676.04,15,0.020893242271746944,1.4538,45.0693,Social,Sunday,March,10,Q1,Medium
Social_IG,2026-03-08,14353,242,239.22,5,0.01686058663694001,0.9885,47.844,Social,Sunday,March,10,Q1,Medium
Display_Programmatic,2026-03-09,25034,179,176.01,4,0.007150275625149796,0.9833,44.0025,Display,Monday,March,11,Q1,Low
Email_Newsletter,2026-03-09,9938,327,85.63,25,0.03290400482994566,0.2619,3.4252,Email,Monday,March,11,Q1,High
Search_Google,2026-03-09,5998,263,808.39,13,0.04384794931643881,3.0737,62.1838,Search,Monday,March,11,Q1,High
Social_FB,2026-03-09,18238,444,556.37,12,0.024344774646342802,1.2531,46.3642,Social,Monday,March,11,Q1,Medium
Social_IG,2026-03-09,10759,199,209.6,4,0.018496142764197417,1.0533,52.4,Social,Monday,March,11,Q1,Medium
Display_Programmatic,2026-03-10,24396,145,146.6,2,0.005943597311034596,1.011,73.3,Display,Tuesday,March,11,Q1,Low
Email_Newsletter,2026-03-10,7765,282,123.42,25,0.03631680618158403,0.4377,4.9368,Email,Tuesday,March,11,Q1,High
Search_Google,2026-03-10,7673,403,1577.94,30,0.052521829792779876,3.9155,52.598,Search,Tuesday,March,11,Q1,High
Social_FB,2026-03-10,13601,346,341.84,15,0.025439305933387252,0.988,22.7893,Social,Tuesday,March,11,Q1,Medium
Social_IG,2026-03-10,20937,263,387.11,10,0.012561494005827005,1.4719,38.711,Social,Tuesday,March,11,Q1,Medium
Display_Programmatic,2026-03-11,29367,90,58.93,2,0.0030646644192460926,0.6548,29.465,Display,Wednesday,March,11,Q1,Low
Email_Newsletter,2026-03-11,6869,277,204.75,33,0.04032610278060853,0.7392,6.2045,Email,Wednesday,March,11,Q1,High
Search_Google,2026-03-11,5368,241,331.02,19,0.0448956780923994,1.3735,17.4221,Search,Wednesday,March,11,Q1,High
Social_FB,2026-03-11,11740,122,171.34,4,0.010391822827938671,1.4044,42.835,Social,Wednesday,March,11,Q1,Medium
Social_IG,2026-03-11,21136,193,101.4,5,0.009131339894019682,0.5254,20.28,Social,Wednesday,March,11,Q1,Low
Display_Programmatic,2026-03-12,32607,204,94.31,4,0.006256325328917104,0.4623,23.5775,Display,Thursday,March,11,Q1,Low
Email_Newsletter,2026-03-12,3577,134,96.79,13,0.03746155996645233,0.7223,7.4454,Email,Thursday,March,11,Q1,High
Search_Google,2026-03-12,10123,389,1047.23,34,0.038427343672824264,2.6921,30.8009,Search,Thursday,March,11,Q1,High
Social_FB,2026-03-12,14974,303,292.44,14,0.02023507412848938,0.9651,20.8886,Social,Thursday,March,11,Q1,Medium
Social_IG,2026-03-12,9973,153,230.12,3,0.015341421838965206,1.5041,76.7067,Social,Thursday,March,11,Q1,Medium
Display_Programmatic,2026-03-13,15706,144,128.14,3,0.009168470648159939,0.8899,42.7133,Display,Friday,March,11,Q1,Low
Email_Newsletter,2026-03-13,7897,200,91.88,18,0.025326073192351525,0.4594,5.1044,Email,Friday,March,11,Q1,Medium
Search_Google,2026-03-13,10791,552,1759.39,38,0.051153739227133725,3.1873,46.2997,Search,Friday,March,11,Q1,High
Social_FB,2026-03-13,11852,152,174.44,6,0.01282483968950388,1.1476,29.0733,Social,Friday,March,11,Q1,Medium
Social_IG,2026-03-13,23536,338,407.48,11,0.014360978925900748,1.2056,37.0436,Social,Friday,March,11,Q1,Medium
Display_Programmatic,2026-03-14,18552,190,75.35,4,0.010241483398016386,0.3966,18.8375,Display,Saturday,March,11,Q1,Medium
Email_Newsletter,2026-03-14,10131,416,375.01,38,0.04106208666469253,0.9015,9.8687,Email,Saturday,March,11,Q1,High
Search_Google,2026-03-14,14176,837,1912.53,61,0.05904345372460497,2.285,31.353,Search,Saturday,March,11,Q1,High
Social_FB,2026-03-14,24708,560,496.58,11,0.02266472397604015,0.8868,45.1436,Social,Saturday,March,11,Q1,Medium
Social_IG,2026-03-14,11362,231,246.63,9,0.020330927653582114,1.0677,27.4033,Social,Saturday,March,11,Q1,Medium
Display_Programmatic,2026-03-15,41980,326,146.52,6,0.007765602667937113,0.4494,24.42,Display,Sunday,March,11,Q1,Low
Email_Newsletter,2026-03-15,8190,244,109.91,26,0.029792429792429794,0.4505,4.2273,Email,Sunday,March,11,Q1,Medium
Search_Google,2026-03-15,16131,625,873.07,31,0.03874527307668464,1.3969,28.1635,Search,Sunday,March,11,Q1,High
Social_FB,2026-03-15,28434,319,478.18,16,0.011218963213054793,1.499,29.8862,Social,Sunday,March,11,Q1,Medium
Social_IG,2026-03-15,19323,178,104.48,5,0.009211820110748848,0.587,20.896,Social,Sunday,March,11,Q1,Low
Display_Programmatic,2026-03-16,14140,107,84.99,1,0.007567185289957567,0.7943,84.99,Display,Monday,March,12,Q1,Low
Email_Newsletter,2026-03-16,8581,435,382.92,34,0.050693392378510664,0.8803,11.2624,Email,Monday,March,12,Q1,High
Search_Google,2026-03-16,12813,618,993.99,43,0.048232264106766565,1.6084,23.116,Search,Monday,March,12,Q1,High
Social_FB,2026-03-16,13975,232,225.35,7,0.01660107334525939,0.9713,32.1929,Social,Monday,March,12,Q1,Medium
Social_IG,2026-03-16,20278,392,349.46,7,0.019331294999506855,0.8915,49.9229,Social,Monday,March,12,Q1,Medium
Display_Programmatic,2026-03-17,20528,152,109.62,2,0.0074045206547155105,0.7212,54.81,Display,Tuesday,March,12,Q1,Low
Email_Newsletter,2026-03-17,4008,172,125.59,9,0.04291417165668663,0.7302,13.9544,Email,Tuesday,March,12,Q1,High
Search_Google,2026-03-17,12316,309,1055.56,20,0.025089314712569016,3.4161,52.778,Search,Tuesday,March,12,Q1,Medium
Social_FB,2026-03-17,20765,313,243.06,9,0.015073440886106428,0.7765,27.0067,Social,Tuesday,March,12,Q1,Medium
Social_IG,2026-03-17,8081,140,175.49,5,0.01732458854102215,1.2535,35.098,Social,Tuesday,March,12,Q1,Medium
Display_Programmatic,2026-03-18,14117,151,150.14,1,0.010696323581497484,0.9943,150.14,Display,Wednesday,March,12,Q1,Medium
Email_Newsletter,2026-03-18,5549,286,181.16,26,0.051540818165435216,0.6334,6.9677,Email,Wednesday,March,12,Q1,High
Search_Google,2026-03-18,11171,470,1305.55,26,0.04207322531554919,2.7778,50.2135,Search,Wednesday,March,12,Q1,High
Social_FB,2026-03-18,24737,303,449.56,7,0.012248857986012855,1.4837,64.2229,Social,Wednesday,March,12,Q1,Medium
Social_IG,2026-03-18,12677,232,296.22,7,0.018300859824879702,1.2768,42.3171,Social,Wednesday,March,12,Q1,Medium
Display_Programmatic,2026-03-19,39720,213,224.08,1,0.005362537764350453,1.052,224.08,Display,Thursday,March,12,Q1,Low
Email_Newsletter,2026-03-19,3354,111,47.51,7,0.03309481216457961,0.428,6.7871,Email,Thursday,March,12,Q1,High
Search_Google,2026-03-19,9568,201,517.24,10,0.02100752508361204,2.5733,51.724,Search,Thursday,March,12,Q1,Medium
Social_FB,2026-03-19,28428,686,1123.35,18,0.024131138314337976,1.6375,62.4083,Social,Thursday,March,12,Q1,Medium
Social_IG,2026-03-19,17215,272,319.03,10,0.015800174266627942,1.1729,31.903,Social,Thursday,March,12,Q1,Medium
Display_Programmatic,2026-03-20,13589,155,136.75,2,0.01140628449481198,0.8823,68.375,Display,Friday,March,12,Q1,Medium
Email_Newsletter,2026-03-20,8225,173,82.07,10,0.021033434650455925,0.4744,8.207,Email,Friday,March,12,Q1,Medium
Search_Google,2026-03-20,6571,172,406.48,11,0.026175620149140162,2.3633,36.9527,Search,Friday,March,12,Q1,Medium
Social_FB,2026-03-20,15254,405,347.01,8,0.026550413006424543,0.8568,43.3762,Social,Friday,March,12,Q1,Medium
Social_IG,2026-03-20,19783,376,218.44,12,0.019006217459434867,0.581,18.2033,Social,Friday,March,12,Q1,Medium
Display_Programmatic,2026-03-21,30993,309,162.37,6,0.00996999322427645,0.5255,27.0617,Display,Saturday,March,12,Q1,Low
Email_Newsletter,2026-03-21,8178,272,143.17,29,0.03325996576179995,0.5264,4.9369,Email,Saturday,March,12,Q1,High
Search_Google,2026-03-21,7852,407,702.4,31,0.05183392766174223,1.7258,22.6581,Search,Saturday,March,12,Q1,High
Social_FB,2026-03-21,16354,361,470.32,12,0.022074110309404427,1.3028,39.1933,Social,Saturday,March,12,Q1,Medium
Social_IG,2026-03-21,18274,155,150.97,5,0.00848199627886615,0.974,30.194,Social,Saturday,March,12,Q1,Low
Display_Programmatic,2026-03-22,42609,384,215.44,7,0.009012180525241146,0.561,30.7771,Display,Sunday,March,12,Q1,Low
Email_Newsletter,2026-03-22,6403,171,113.85,11,0.026706231454005934,0.6658,10.35,Email,Sunday,March,12,Q1,Medium
Search_Google,2026-03-22,15619,489,939.37,28,0.031308022280555736,1.921,33.5489,Search,Sunday,March,12,Q1,High
Social_FB,2026-03-22,22011,441,676.6,20,0.020035436827041026,1.5342,33.83,Social,Sunday,March,12,Q1,Medium
Social_IG,2026-03-22,21981,196,247.69,3,0.008916791774714525,1.2637,82.5633,Social,Sunday,March,12,Q1,Low
Display_Programmatic,2026-03-23,24431,279,187.77,2,0.011419917318161353,0.673,93.885,Display,Monday,March,13,Q1,Medium
Email_Newsletter,2026-03-23,6483,167,115.38,11,0.025759679160882308,0.6909,10.4891,Email,Monday,March,13,Q1,Medium
Search_Google,2026-03-23,11087,257,473.9,15,0.023180301253720573,1.844,31.5933,Search,Monday,March,13,Q1,Medium
Social_FB,2026-03-23,22443,337,490.79,9,0.015015817849663592,1.4564,54.5322,Social,Monday,March,13,Q1,Medium
Social_IG,2026-03-23,11077,173,167.04,4,0.0156179470975896,0.9655,41.76,Social,Monday,March,13,Q1,Medium
Display_Programmatic,2026-03-24,25309,133,129.77,2,0.0052550476115215934,0.9757,64.885,Display,Tuesday,March,13,Q1,Low
Email_Newsletter,2026-03-24,7115,369,250.45,25,0.05186226282501757,0.6787,10.018,Email,Tuesday,March,13,Q1,High
Search_Google,2026-03-24,10368,521,610.32,20,0.05025077160493827,1.1714,30.516,Search,Tuesday,March,13,Q1,High
Social_FB,2026-03-24,17620,335,369.28,9,0.019012485811577752,1.1023,41.0311,Social,Tuesday,March,13,Q1,Medium
Social_IG,2026-03-24,17429,297,202.7,7,0.01704056457628091,0.6825,28.9571,Social,Tuesday,March,13,Q1,Medium
Display_Programmatic,2026-03-25,38234,303,191.57,6,0.00792488361144531,0.6322,31.9283,Display,Wednesday,March,13,Q1,Low
Email_Newsletter,2026-03-25,4341,175,144.27,9,0.040313291868233125,0.8244,16.03,Email,Wednesday,March,13,Q1,High
Search_Google,2026-03-25,4595,117,338.56,9,0.02546245919477693,2.8937,37.6178,Search,Wednesday,March,13,Q1,Medium
Social_FB,2026-03-25,13319,359,553.3,13,0.026953975523687966,1.5412,42.5615,Social,Wednesday,March,13,Q1,Medium
Social_IG,2026-03-25,20107,368,293.62,11,0.018302083851395038,0.7979,26.6927,Social,Wednesday,March,13,Q1,Medium
Display_Programmatic,2026-03-26,15616,139,56.79,2,0.008901127049180328,0.4086,28.395,Display,Thursday,March,13,Q1,Low
Email_Newsletter,2026-03-26,3561,164,66.81,14,0.046054479078910415,0.4074,4.7721,Email,Thursday,March,13,Q1,High
Search_Google,2026-03-26,8857,257,861.02,22,0.029016597041887773,3.3503,39.1373,Search,Thursday,March,13,Q1,Medium
Social_FB,2026-03-26,20355,323,483.88,6,0.01586833701793171,1.4981,80.6467,Social,Thursday,March,13,Q1,Medium
Social_IG,2026-03-26,9509,89,72.01,2,0.009359554106635819,0.8091,36.005,Social,Thursday,March,13,Q1,Low
Display_Programmatic,2026-03-27,25905,96,86.56,2,0.003705848291835553,0.9017,43.28,Display,Friday,March,13,Q1,Low
Email_Newsletter,2026-03-27,10161,320,97.62,19,0.03149296329101466,0.3051,5.1379,Email,Friday,March,13,Q1,High
Search_Google,2026-03-27,8381,252,566.54,17,0.030068010977210357,2.2482,33.3259,Search,Friday,March,13,Q1,High
Social_FB,2026-03-27,21530,591,525.01,19,0.02745006967022759,0.8883,27.6321,Social,Friday,March,13,Q1,Medium
Social_IG,2026-03-27,10383,87,69.01,3,0.008379081190407396,0.7932,23.0033,Social,Friday,March,13,Q1,Low
Display_Programmatic,2026-03-28,19471,87,95.16,1,0.0044681834523136975,1.0938,95.16,Display,Saturday,March,13,Q1,Low
Email_Newsletter,2026-03-28,8410,417,170.23,26,0.04958382877526754,0.4082,6.5473,Email,Saturday,March,13,Q1,High
Search_Google,2026-03-28,14745,543,1928.74,37,0.036826042726347916,3.552,52.1281,Search,Saturday,March,13,Q1,High
Social_FB,2026-03-28,18318,243,298.54,5,0.01326564035375041,1.2286,59.708,Social,Saturday,March,13,Q1,Medium
Social_IG,2026-03-28,8584,124,157.8,3,0.014445479962721343,1.2726,52.6,Social,Saturday,March,13,Q1,Medium
Display_Programmatic,2026-03-29,24800,136,78.01,1,0.005483870967741935,0.5736,78.01,Display,Sunday,March,13,Q1,Low
Email_Newsletter,2026-03-29,9136,447,223.09,22,0.04892732049036778,0.4991,10.1405,Email,Sunday,March,13,Q1,High
Search_Google,2026-03-29,6105,148,347.15,8,0.024242424242424242,2.3456,43.3938,Search,Sunday,March,13,Q1,Medium
Social_FB,2026-03-29,26388,578,558.75,12,0.02190389571017129,0.9667,46.5625,Social,Sunday,March,13,Q1,Medium
Social_IG,2026-03-29,16537,350,286.37,6,0.02116466106307069,0.8182,47.7283,Social,Sunday,March,13,Q1,Medium
Display_Programmatic,2026-03-30,31975,306,148.44,5,0.009569976544175136,0.4851,29.688,Display,Monday,March,14,Q1,Low
Email_Newsletter,2026-03-30,4967,246,130.32,19,0.04952687739077914,0.5298,6.8589,Email,Monday,March,14,Q1,High
Search_Google,2026-03-30,9508,225,309.1,12,0.023664282709297435,1.3738,25.7583,Search,Monday,March,14,Q1,Medium
Social_FB,2026-03-30,15414,423,407.65,11,0.02744258466329311,0.9637,37.0591,Social,Monday,March,14,Q1,Medium
Social_IG,2026-03-30,15236,321,358.49,13,0.02106852192176424,1.1168,27.5762,Social,Monday,March,14,Q1,Medium
Display_Programmatic,2026-03-31,24709,151,154.44,2,0.00611113359504634,1.0228,77.22,Display,Tuesday,March,14,Q1,Low
Email_Newsletter,2026-03-31,7646,255,145.61,23,0.033350771645304735,0.571,6.3309,Email,Tuesday,March,14,Q1,High
Search_Google,2026-03-31,9596,466,918.93,34,0.04856190079199667,1.972,27.0274,Search,Tuesday,March,14,Q1,High
Social_FB,2026-03-31,20401,363,404.52,9,0.01779324542914563,1.1144,44.9467,Social,Tuesday,March,14,Q1,Medium
Social_IG,2026-03-31,19161,307,173.87,7,0.016022128281404938,0.5664,24.8386,Social,Tuesday,March,14,Q1,Medium
Display_Programmatic,2026-04-01,23323,239,110.06,2,0.01024739527505038,0.4605,55.03,Display,Wednesday,April,14,Q2,Medium
Email_Newsletter,2026-04-01,4067,115,98.11,5,0.028276370789279567,0.8531,19.622,Email,Wednesday,April,14,Q2,Medium
Search_Google,2026-04-01,6539,246,783.87,19,0.03762043125860223,3.1865,41.2563,Search,Wednesday,April,14,Q2,High
Social_FB,2026-04-01,22305,600,706.8,14,0.026899798251513115,1.178,50.4857,Social,Wednesday,April,14,Q2,Medium
Social_IG,2026-04-01,9391,147,96.4,4,0.015653285060163988,0.6558,24.1,Social,Wednesday,April,14,Q2,Medium
Display_Programmatic,2026-04-02,28737,180,59.97,3,0.006263701847792045,0.3332,19.99,Display,Thursday,April,14,Q2,Low
Email_Newsletter,2026-04-02,4877,194,65.6,20,0.039778552388763586,0.3381,3.28,Email,Thursday,April,14,Q2,High
Search_Google,2026-04-02,11409,233,435.48,18,0.020422473485844507,1.869,24.1933,Search,Thursday,April,14,Q2,Medium
Social_FB,2026-04-02,12057,309,295.4,15,0.02562826573774571,0.956,19.6933,Social,Thursday,April,14,Q2,Medium
Social_IG,2026-04-02,12571,174,231.42,3,0.01384138095616896,1.33,77.14,Social,Thursday,April,14,Q2,Medium
Display_Programmatic,2026-04-03,36145,217,154.77,3,0.0060035966247060455,0.7132,51.59,Display,Friday,April,14,Q2,Low
Email_Newsletter,2026-04-03,7380,201,171.3,14,0.02723577235772358,0.8522,12.2357,Email,Friday,April,14,Q2,Medium
Search_Google,2026-04-03,11299,376,1359.46,27,0.03327728117532525,3.6156,50.3504,Search,Friday,April,14,Q2,High
Social_FB,2026-04-03,22894,321,486.6,8,0.01402114091028217,1.5159,60.825,Social,Friday,April,14,Q2,Medium
Social_IG,2026-04-03,12089,129,135.88,2,0.010670857804615767,1.0533,67.94,Social,Friday,April,14,Q2,Medium
Display_Programmatic,2026-04-04,27125,138,75.45,2,0.005087557603686636,0.5467,37.725,Display,Saturday,April,14,Q2,Low
Email_Newsletter,2026-04-04,2857,124,60.06,13,0.043402170108505424,0.4844,4.62,Email,Saturday,April,14,Q2,High
Search_Google,2026-04-04,14595,862,1748.82,47,0.059061322370674886,2.0288,37.2089,Search,Saturday,April,14,Q2,High
Social_FB,2026-04-04,25493,378,393.38,11,0.014827599733260111,1.0407,35.7618,Social,Saturday,April,14,Q2,Medium
Social_IG,2026-04-04,15229,298,261.97,9,0.019567929607984764,0.8791,29.1078,Social,Saturday,April,14,Q2,Medium
Display_Programmatic,2026-04-05,29890,256,190.7,4,0.00856473737035798,0.7449,47.675,Display,Sunday,April,14,Q2,Low
Email_Newsletter,2026-04-05,2876,101,31.87,7,0.0351182197496523,0.3155,4.5529,Email,Sunday,April,14,Q2,High
Search_Google,2026-04-05,7298,230,641.02,14,0.03151548369416279,2.787,45.7871,Search,Sunday,April,14,Q2,High
Social_FB,2026-04-05,21556,247,201.4,12,0.011458526628316942,0.8154,16.7833,Social,Sunday,April,14,Q2,Medium
Social_IG,2026-04-05,8564,89,107.22,2,0.010392340028024288,1.2047,53.61,Social,Sunday,April,14,Q2,Medium
Display_Programmatic,2026-04-06,22991,136,110.43,2,0.005915358183637075,0.812,55.215,Display,Monday,April,15,Q2,Low
Email_Newsletter,2026-04-06,8610,174,82.08,8,0.020209059233449476,0.4717,10.26,Email,Monday,April,15,Q2,Medium
Search_Google,2026-04-06,16414,368,570.43,19,0.022419885463628608,1.5501,30.0226,Search,Monday,April,15,Q2,Medium
Social_FB,2026-04-06,26980,524,563.33,14,0.019421793921423278,1.0751,40.2379,Social,Monday,April,15,Q2,Medium
Social_IG,2026-04-06,16784,203,235.9,4,0.01209485224022879,1.1621,58.975,Social,Monday,April,15,Q2,Medium
Display_Programmatic,2026-04-07,39103,281,111.94,2,0.007186149400301767,0.3984,55.97,Display,Tuesday,April,15,Q2,Low
Email_Newsletter,2026-04-07,8104,299,213.46,31,0.03689536031589338,0.7139,6.8858,Email,Tuesday,April,15,Q2,High
Search_Google,2026-04-07,11165,669,1821.02,30,0.05991939095387371,2.722,60.7007,Search,Tuesday,April,15,Q2,High
Social_FB,2026-04-07,10205,145,188.06,6,0.014208721215090642,1.297,31.3433,Social,Tuesday,April,15,Q2,Medium
Social_IG,2026-04-07,21633,370,250.39,8,0.017103499283502056,0.6767,31.2988,Social,Tuesday,April,15,Q2,Medium
Display_Programmatic,2026-04-08,18887,178,137.04,2,0.0094244718589506,0.7699,68.52,Display,Wednesday,April,15,Q2,Low
Email_Newsletter,2026-04-08,8571,353,286.64,24,0.04118539260296348,0.812,11.9433,Email,Wednesday,April,15,Q2,High
Search_Google,2026-04-08,13247,332,1089.16,26,0.025062278251679625,3.2806,41.8908,Search,Wednesday,April,15,Q2,Medium
Social_FB,2026-04-08,23871,511,535.87,22,0.021406727828746176,1.0487,24.3577,Social,Wednesday,April,15,Q2,Medium
Social_IG,2026-04-08,19187,308,282.47,9,0.016052535570959505,0.9171,31.3856,Social,Wednesday,April,15,Q2,Medium
Display_Programmatic,2026-04-09,37167,266,166.64,3,0.007156886485323002,0.6265,55.5467,Display,Thursday,April,15,Q2,Low
Email_Newsletter,2026-04-09,3107,93,71.88,6,0.02993241068554876,0.7729,11.98,Email,Thursday,April,15,Q2,Medium
Search_Google,2026-04-09,12236,517,756.56,28,0.04225237005557372,1.4634,27.02,Search,Thursday,April,15,Q2,High
Social_FB,2026-04-09,17003,253,327.24,6,0.01487972710698112,1.2934,54.54,Social,Thursday,April,15,Q2,Medium
Social_IG,2026-04-09,12551,178,214.66,3,0.014182136881523385,1.206,71.5533,Social,Thursday,April,15,Q2,Medium
Display_Programmatic,2026-04-10,24301,178,77.1,1,0.0073248014485000615,0.4331,77.1,Display,Friday,April,15,Q2,Low
Email_Newsletter,2026-04-10,8108,288,254.23,24,0.03552047360631475,0.8827,10.5929,Email,Friday,April,15,Q2,High
Search_Google,2026-04-10,13897,489,1044.32,33,0.03518745052889113,2.1356,31.6461,Search,Friday,April,15,Q2,High
Social_FB,2026-04-10,25664,421,260.88,11,0.01640430174563591,0.6197,23.7164,Social,Friday,April,15,Q2,Medium
Social_IG,2026-04-10,8984,184,244.91,7,0.020480854853072127,1.331,34.9871,Social,Friday,April,15,Q2,Medium
Display_Programmatic,2026-04-11,23600,226,103.41,3,0.009576271186440678,0.4576,34.47,Display,Saturday,April,15,Q2,Low
Email_Newsletter,2026-04-11,9113,280,207.42,23,0.03072533743004499,0.7408,9.0183,Email,Saturday,April,15,Q2,High
Search_Google,2026-04-11,14040,602,1968.87,30,0.04287749287749288,3.2705,65.629,Search,Saturday,April,15,Q2,High
Social_FB,2026-04-11,28942,455,676.61,15,0.01572109736714809,1.4871,45.1073,Social,Saturday,April,15,Q2,Medium
Social_IG,2026-04-11,14466,143,95.83,5,0.009885248168118347,0.6701,19.166,Social,Saturday,April,15,Q2,Low
Display_Programmatic,2026-04-12,31243,105,88.11,1,0.003360752808629133,0.8391,88.11,Display,Sunday,April,15,Q2,Low
Email_Newsletter,2026-04-12,8221,352,315.19,20,0.04281717552609172,0.8954,15.7595,Email,Sunday,April,15,Q2,High
Search_Google,2026-04-12,10505,409,528.04,16,0.03893384102808187,1.2911,33.0025,Search,Sunday,April,15,Q2,High
Social_FB,2026-04-12,12365,246,211.55,9,0.019894864536999596,0.86,23.5056,Social,Sunday,April,15,Q2,Medium
Social_IG,2026-04-12,15961,249,140.95,4,0.01560052628281436,0.5661,35.2375,Social,Sunday,April,15,Q2,Medium
Display_Programmatic,2026-04-13,20387,206,158.73,2,0.010104478344042772,0.7705,79.365,Display,Monday,April,16,Q2,Medium
Email_Newsletter,2026-04-13,3597,80,44.19,6,0.022240756185710316,0.5524,7.365,Email,Monday,April,16,Q2,Medium
Search_Google,2026-04-13,10623,534,1298.39,32,0.05026828579497317,2.4314,40.5747,Search,Monday,April,16,Q2,High
Social_FB,2026-04-13,21906,578,496.78,11,0.02638546516935999,0.8595,45.1618,Social,Monday,April,16,Q2,Medium
Social_IG,2026-04-13,16611,327,459.36,8,0.019685750406357234,1.4048,57.42,Social,Monday,April,16,Q2,Medium
Display_Programmatic,2026-04-14,18305,162,75.22,3,0.00885004097241191,0.4643,25.0733,Display,Tuesday,April,16,Q2,Low
Email_Newsletter,2026-04-14,3393,130,103.17,7,0.038314176245210725,0.7936,14.7386,Email,Tuesday,April,16,Q2,High
Search_Google,2026-04-14,13172,504,1192.22,29,0.038262982083206803,2.3655,41.111,Search,Tuesday,April,16,Q2,High
Social_FB,2026-04-14,10886,130,212.54,3,0.011941943781003123,1.6349,70.8467,Social,Tuesday,April,16,Q2,Medium
Social_IG,2026-04-14,23376,476,430.61,12,0.020362765229295005,0.9046,35.8842,Social,Tuesday,April,16,Q2,Medium
Display_Programmatic,2026-04-15,31630,144,117.4,3,0.0045526398988302245,0.8153,39.1333,Display,Wednesday,April,16,Q2,Low
Email_Newsletter,2026-04-15,6324,258,231.67,13,0.04079696394686907,0.8979,17.8208,Email,Wednesday,April,16,Q2,High
Search_Google,2026-04-15,7721,321,914.23,13,0.04157492552778137,2.8481,70.3254,Search,Wednesday,April,16,Q2,High
Social_FB,2026-04-15,11898,276,184.1,7,0.02319717599596571,0.667,26.3,Social,Wednesday,April,16,Q2,Medium
Social_IG,2026-04-15,24626,322,202.32,6,0.013075611142694713,0.6283,33.72,Social,Wednesday,April,16,Q2,Medium
Display_Programmatic,2026-04-16,24782,165,138.73,2,0.006658058268097813,0.8408,69.365,Display,Thursday,April,16,Q2,Low
Email_Newsletter,2026-04-16,4743,120,76.73,12,0.02530044275774826,0.6394,6.3942,Email,Thursday,April,16,Q2,Medium
Search_Google,2026-04-16,5117,305,692.46,16,0.05960523744381473,2.2704,43.2788,Search,Thursday,April,16,Q2,High
Social_FB,2026-04-16,25736,641,707.17,13,0.024906745414982903,1.1032,54.3977,Social,Thursday,April,16,Q2,Medium
Social_IG,2026-04-16,13842,180,132.96,4,0.013003901170351105,0.7387,33.24,Social,Thursday,April,16,Q2,Medium
Display_Programmatic,2026-04-17,33441,349,333.95,5,0.010436290780778087,0.9569,66.79,Display,Friday,April,16,Q2,Medium
Email_Newsletter,2026-04-17,4581,131,46.41,14,0.028596376337044312,0.3543,3.315,Email,Friday,April,16,Q2,Medium
Search_Google,2026-04-17,10276,287,677.09,14,0.027929155313351498,2.3592,48.3636,Search,Friday,April,16,Q2,Medium
Social_FB,2026-04-17,22826,409,376.41,16,0.017918163497765704,0.9203,23.5256,Social,Friday,April,16,Q2,Medium
Social_IG,2026-04-17,10423,111,140.7,3,0.010649525088746042,1.2676,46.9,Social,Friday,April,16,Q2,Medium
Display_Programmatic,2026-04-18,14380,75,50.7,1,0.00521557719054242,0.676,50.7,Display,Saturday,April,16,Q2,Low
Email_Newsletter,2026-04-18,5712,291,109.6,19,0.050945378151260504,0.3766,5.7684,Email,Saturday,April,16,Q2,High
Search_Google,2026-04-18,13567,315,490.13,19,0.0232181027493182,1.556,25.7963,Search,Saturday,April,16,Q2,Medium
Social_FB,2026-04-18,21444,456,336.03,17,0.021264689423614997,0.7369,19.7665,Social,Saturday,April,16,Q2,Medium
Social_IG,2026-04-18,9764,186,237.35,4,0.01904956984842278,1.2761,59.3375,Social,Saturday,April,16,Q2,Medium
Display_Programmatic,2026-04-19,44608,183,96.2,2,0.004102403156384505,0.5257,48.1,Display,Sunday,April,16,Q2,Low
Email_Newsletter,2026-04-19,10266,454,136.18,45,0.0442236508864212,0.3,3.0262,Email,Sunday,April,16,Q2,High
Search_Google,2026-04-19,6675,358,479.12,18,0.053632958801498126,1.3383,26.6178,Search,Sunday,April,16,Q2,High
Social_FB,2026-04-19,18026,492,321.65,10,0.027293908798402308,0.6538,32.165,Social,Sunday,April,16,Q2,Medium
Social_IG,2026-04-19,12225,252,230.44,7,0.020613496932515338,0.9144,32.92,Social,Sunday,April,16,Q2,Medium
Display_Programmatic,2026-04-20,39588,293,116.33,2,0.007401232696776801,0.397,58.165,Display,Monday,April,17,Q2,Low
Email_Newsletter,2026-04-20,6884,301,179.7,26,0.0437245787332946,0.597,6.9115,Email,Monday,April,17,Q2,High
Search_Google,2026-04-20,12231,265,748.75,23,0.021666257869348376,2.8255,32.5543,Search,Monday,April,17,Q2,Medium
Social_FB,2026-04-20,31472,317,390.36,13,0.01007244534824606,1.2314,30.0277,Social,Monday,April,17,Q2,Medium
Social_IG,2026-04-20,14293,197,191.71,6,0.013782970684950675,0.9731,31.9517,Social,Monday,April,17,Q2,Medium
Display_Programmatic,2026-04-21,37189,356,248.16,4,0.00957272311705074,0.6971,62.04,Display,Tuesday,April,17,Q2,Low
Email_Newsletter,2026-04-21,6165,136,46.02,13,0.02206001622060016,0.3384,3.54,Email,Tuesday,April,17,Q2,Medium
Search_Google,2026-04-21,12304,335,720.55,26,0.027226918075422626,2.1509,27.7135,Search,Tuesday,April,17,Q2,Medium
Social_FB,2026-04-21,11670,253,241.75,11,0.021679520137103683,0.9555,21.9773,Social,Tuesday,April,17,Q2,Medium
Social_IG,2026-04-21,21996,432,380.95,9,0.019639934533551555,0.8818,42.3278,Social,Tuesday,April,17,Q2,Medium
Display_Programmatic,2026-04-22,17935,103,91.84,2,0.005742960691385559,0.8917,45.92,Display,Wednesday,April,17,Q2,Low
Email_Newsletter,2026-04-22,8784,358,127.17,32,0.04075591985428051,0.3552,3.9741,Email,Wednesday,April,17,Q2,High
Search_Google,2026-04-22,7236,399,1449.0,34,0.05514096185737977,3.6316,42.6176,Search,Wednesday,April,17,Q2,High
Social_FB,2026-04-22,23097,398,603.83,14,0.017231675109321557,1.5172,43.1307,Social,Wednesday,April,17,Q2,Medium
Social_IG,2026-04-22,20625,387,225.05,16,0.018763636363636364,0.5815,14.0656,Social,Wednesday,April,17,Q2,Medium
